Entity,Code,Year,Laboratory (%),Surveillance (%),Chemical events (%),Zoonotic events (%),Points of entry (%),Risk communication (%),Radiation emergencies (%),Legislation and Financing (%),National Health Emergency Framework (%),Zoonotic events and the humanâ€“animal interface (%),IHR Coordination and National IHR Focal Point Functions (%),Coordination and National Focal Point communications (%),"National legislation, policy and financing (%)",Health Service Provision (%),Radionuclear emergencies (%),Risk Communication (%),Chemical events (%),Human resources (%),Food safety (%)
Afghanistan,AFG,2010,45,96,7,69,,80,,,,,,75,50,,6,,,,
Afghanistan,AFG,2011,40,80,0,44,,43,,,,,,20,0,,0,,,,
Afghanistan,AFG,2012,26,80,0,56,,43,,,,,,36,0,,0,,,,
Afghanistan,AFG,2013,45,75,0,67,,57,,,,,,46,0,,62,,,,
Afghanistan,AFG,2014,53,90,23,67,,71,,,,,,63,50,,38,,,,
Afghanistan,AFG,2015,69,75,23,67,,71,,,,,,36,0,,54,,,,
Afghanistan,AFG,2016,76,95,31,33,,57,,,,,,30,0,,54,,,,
Afghanistan,AFG,2017,37,70,15,89,,29,,,,,,37,50,,38,,,,
Afghanistan,AFG,2018,,,,,10,,20,13,27,80,60,,,40,,20,0,40,20
Albania,ALB,2017,63,60,23,67,,57,,,,,,57,75,,62,,,,
Algeria,DZA,2010,35,64,14,76,,30,,,,,,56,50,,86,,,,
Algeria,DZA,2011,60,0,0,0,,14,,,,,,20,0,,0,,,,
Algeria,DZA,2012,4,35,31,56,,14,,,,,,53,0,,0,,,,
Algeria,DZA,2013,36,75,15,56,,29,,,,,,53,50,,0,,,,
Algeria,DZA,2014,76,85,15,89,,29,,,,,,100,100,,69,,,,
Algeria,DZA,2015,76,85,15,89,,29,,,,,,100,100,,69,,,,
Algeria,DZA,2016,58,55,100,89,,29,,,,,,90,100,,77,,,,
Algeria,DZA,2017,62,80,54,89,,43,,,,,,90,100,,77,,,,
Algeria,DZA,2018,,,,,60,,100,100,53,80,90,,,93,,60,100,80,80
Andorra,AND,2010,35,68,7,46,,70,,,,,,65,50,,0,,,,
Andorra,AND,2011,30,65,0,33,,14,,,,,,30,75,,0,,,,
Andorra,AND,2012,25,65,0,44,,14,,,,,,30,75,,0,,,,
Andorra,AND,2013,25,70,0,0,,14,,,,,,30,75,,0,,,,
Andorra,AND,2014,25,70,0,44,,14,,,,,,30,75,,0,,,,
Andorra,AND,2015,25,70,0,44,,14,,,,,,30,75,,0,,,,
Andorra,AND,2016,25,70,,44,,14,,,,,,30,75,,,,,,
Andorra,AND,2017,25,70,0,44,,14,,,,,,30,75,,0,,,,
Andorra,AND,2018,,,,,20,,0,47,0,60,50,,,53,,60,0,20,80
Angola,AGO,2011,100,50,0,67,,57,,,,,,73,0,,0,,,,
Angola,AGO,2013,57,60,15,33,,29,,,,,,73,50,,17,,,,
Angola,AGO,2014,0,25,0,0,,14,,,,,,73,50,,0,,,,
Angola,AGO,2017,100,95,8,100,,100,,,,,,100,100,,31,,,,
Angola,AGO,2018,,,,,40,,60,47,60,80,80,,,47,,80,40,60,20
Antigua and Barbuda,ATG,2010,53,60,50,76,,90,,,,,,91,50,,13,,,,
Antigua and Barbuda,ATG,2011,40,80,33,78,,57,,,,,,53,50,,8,,,,
Antigua and Barbuda,ATG,2012,66,95,62,89,,43,,,,,,66,100,,29,,,,
Antigua and Barbuda,ATG,2013,45,95,85,100,,57,,,,,,66,100,,23,,,,
Antigua and Barbuda,ATG,2014,81,100,85,100,,71,,,,,,100,100,,23,,,,
Antigua and Barbuda,ATG,2015,100,100,85,100,,86,,,,,,100,100,,23,,,,
Antigua and Barbuda,ATG,2016,68,85,69,89,,86,,,,,,73,100,,23,,,,
Antigua and Barbuda,ATG,2017,88,90,46,89,,71,,,,,,40,75,,23,,,,
Antigua and Barbuda,ATG,2018,,,,,20,,40,27,60,20,30,,,40,,40,20,60,80
Argentina,ARG,2011,90,80,50,100,,57,,,,,,73,100,,8,,,,
Argentina,ARG,2012,73,80,69,67,,86,,,,,,73,50,,86,,,,
Argentina,ARG,2013,90,80,69,100,,86,,,,,,73,50,,62,,,,
Argentina,ARG,2014,90,80,69,100,,86,,,,,,73,50,,62,,,,
Argentina,ARG,2015,90,80,69,100,,86,,,,,,73,50,,62,,,,
Argentina,ARG,2016,86,80,69,89,,86,,,,,,67,50,,77,,,,
Argentina,ARG,2017,96,80,85,78,,57,,,,,,57,50,,77,,,,
Argentina,ARG,2018,,,,,70,,60,80,40,60,80,,,60,,40,60,60,80
Armenia,ARM,2010,80,92,85,92,,80,,,,,,66,50,,100,,,,
Armenia,ARM,2011,40,95,92,100,,57,,,,,,90,75,,92,,,,
Armenia,ARM,2012,75,85,92,100,,86,,,,,,90,75,,93,,,,
Armenia,ARM,2013,79,85,92,100,,100,,,,,,100,75,,100,,,,
Armenia,ARM,2014,96,85,85,100,,100,,,,,,100,100,,92,,,,
Armenia,ARM,2015,100,90,92,100,,100,,,,,,100,100,,92,,,,
Armenia,ARM,2017,100,90,92,100,,100,,,,,,100,100,,92,,,,
Armenia,ARM,2018,,,,,80,,100,80,73,100,100,,,73,,100,80,100,40
Australia,AUS,2010,92,88,92,100,,100,,,,,,100,75,,100,,,,
Australia,AUS,2011,100,95,100,100,,100,,,,,,100,100,,100,,,,
Australia,AUS,2012,100,95,100,100,,100,,,,,,100,100,,93,,,,
Australia,AUS,2013,96,95,100,100,,100,,,,,,100,100,,100,,,,
Australia,AUS,2014,96,100,100,100,,100,,,,,,100,100,,100,,,,
Australia,AUS,2015,96,100,100,100,,100,,,,,,100,100,,100,,,,
Australia,AUS,2016,96,100,100,100,,100,,,,,,100,100,,100,,,,
Australia,AUS,2017,96,100,100,100,,100,,,,,,100,100,,100,,,,
Australia,AUS,2018,,,,,100,,100,100,100,20,100,,,87,,100,100,100,100
Austria,AUT,2010,92,96,78,92,,100,,,,,,83,50,,93,,,,
Austria,AUT,2011,90,95,100,100,,100,,,,,,90,75,,100,,,,
Austria,AUT,2012,91,95,92,100,,100,,,,,,90,75,,93,,,,
Austria,AUT,2013,100,80,46,89,,100,,,,,,90,100,,92,,,,
Austria,AUT,2014,100,80,92,89,,100,,,,,,90,75,,92,,,,
Austria,AUT,2015,100,100,85,89,,100,,,,,,90,75,,92,,,,
Austria,AUT,2016,100,100,77,100,,100,,,,,,90,75,,92,,,,
Austria,AUT,2017,58,90,85,100,,86,,,,,,53,50,,92,,,,
Austria,AUT,2018,,,,,0,,100,60,33,100,90,,,53,,20,60,20,80
Azerbaijan,AZE,2010,70,84,21,84,,70,,,,,,50,25,,60,,,,
Azerbaijan,AZE,2011,80,90,75,100,,57,,,,,,73,75,,58,,,,
Azerbaijan,AZE,2013,96,100,85,100,,57,,,,,,83,50,,77,,,,
Azerbaijan,AZE,2014,96,100,85,100,,57,,,,,,83,50,,77,,,,
Azerbaijan,AZE,2018,,,,,70,,80,80,73,80,90,,,93,,100,100,80,60
Bahamas,BHS,2010,88,100,21,15,,90,,,,,,100,50,,6,,,,
Bahamas,BHS,2011,70,90,8,0,,86,,,,,,90,75,,25,,,,
Bahamas,BHS,2014,96,100,38,44,,86,,,,,,83,75,,0,,,,
Bahamas,BHS,2015,96,100,54,67,,71,,,,,,83,75,,8,,,,
Bahamas,BHS,2016,96,100,69,56,,100,,,,,,83,75,,54,,,,
Bahamas,BHS,2017,96,100,77,78,,100,,,,,,83,75,,54,,,,
Bahamas,BHS,2018,,,,,40,,20,60,73,0,80,,,40,,60,20,60,80
Bahrain,BHR,2010,48,75,0,53,,100,,,,,,83,75,,80,,,,
Bahrain,BHR,2011,40,50,50,33,,100,,,,,,100,100,,67,,,,
Bahrain,BHR,2012,86,100,85,78,,86,,,,,,100,100,,93,,,,
Bahrain,BHR,2013,100,100,92,89,,71,,,,,,100,100,,69,,,,
Bahrain,BHR,2014,100,100,92,89,,100,,,,,,100,100,,69,,,,
Bahrain,BHR,2015,100,100,92,100,,100,,,,,,100,100,,100,,,,
Bahrain,BHR,2016,100,100,92,67,,100,,,,,,100,100,,100,,,,
Bahrain,BHR,2017,100,70,77,89,,100,,,,,,100,100,,100,,,,
Bahrain,BHR,2018,,,,,100,,80,87,87,100,100,,,87,,100,80,100,100
Bangladesh,BGD,2010,94,100,14,100,,100,,,,,,90,50,,66,,,,
Bangladesh,BGD,2011,80,90,17,100,,86,,,,,,56,50,,67,,,,
Bangladesh,BGD,2012,90,80,69,89,,86,,,,,,66,75,,64,,,,
Bangladesh,BGD,2013,100,90,77,89,,100,,,,,,73,100,,31,,,,
Bangladesh,BGD,2014,100,90,92,89,,100,,,,,,83,100,,46,,,,
Bangladesh,BGD,2015,100,90,92,89,,100,,,,,,83,100,,62,,,,
Bangladesh,BGD,2016,96,100,8,89,,57,,,,,,100,100,,46,,,,
Bangladesh,BGD,2017,96,100,15,89,,86,,,,,,100,100,,38,,,,
Bangladesh,BGD,2018,,,,,60,,40,60,47,80,80,,,60,,60,40,40,40
Barbados,BRB,2010,81,52,64,61,,70,,,,,,81,75,,20,,,,
Barbados,BRB,2011,90,90,75,100,,100,,,,,,53,50,,0,,,,
Barbados,BRB,2012,96,95,54,100,,86,,,,,,40,50,,0,,,,
Barbados,BRB,2013,96,100,54,100,,86,,,,,,53,100,,15,,,,
Barbados,BRB,2014,86,70,46,89,,71,,,,,,53,75,,38,,,,
Barbados,BRB,2015,96,95,77,100,,100,,,,,,90,100,,69,,,,
Barbados,BRB,2016,96,100,77,100,,100,,,,,,63,75,,69,,,,
Barbados,BRB,2017,92,95,85,100,,100,,,,,,100,100,,77,,,,
Belarus,BLR,2011,80,95,100,100,,100,,,,,,90,0,,0,,,,
Belarus,BLR,2014,96,65,92,89,,71,,,,,,100,100,,92,,,,
Belgium,BEL,2010,80,51,64,53,,70,,,,,,75,100,,86,,,,
Belgium,BEL,2011,80,55,83,78,,86,,,,,,30,100,,92,,,,
Belgium,BEL,2012,91,65,92,89,,100,,,,,,80,100,,100,,,,
Belgium,BEL,2013,91,65,92,89,,100,,,,,,63,100,,100,,,,
Belgium,BEL,2014,91,85,92,89,,100,,,,,,63,100,,100,,,,
Belgium,BEL,2015,91,85,92,89,,100,,,,,,63,100,,100,,,,
Belgium,BEL,2016,92,85,92,89,,100,,,,,,63,100,,100,,,,
Belgium,BEL,2017,92,85,85,100,,100,,,,,,63,100,,100,,,,
Belgium,BEL,2018,,,,,70,,100,47,87,100,80,,,80,,80,60,40,100
Belize,BLZ,2010,56,60,0,76,,20,,,,,,40,25,,0,,,,
Belize,BLZ,2011,70,65,8,78,,57,,,,,,46,25,,0,,,,
Belize,BLZ,2012,77,85,8,78,,71,,,,,,36,25,,0,,,,
Belize,BLZ,2013,73,85,15,67,,57,,,,,,56,25,,0,,,,
Belize,BLZ,2015,45,75,38,89,,57,,,,,,63,25,,8,,,,
Belize,BLZ,2018,,,,,20,,0,20,67,20,20,,,47,,60,0,40,40
Benin,BEN,2010,57,80,14,92,,60,,,,,,100,0,,20,,,,
Benin,BEN,2011,70,90,8,56,,57,,,,,,100,0,,0,,,,
Benin,BEN,2012,81,45,0,44,,57,,,,,,80,0,,7,,,,
Benin,BEN,2014,66,50,0,56,,29,,,,,,90,0,,38,,,,
Benin,BEN,2016,62,80,0,44,,43,,,,,,63,0,,0,,,,
Benin,BEN,2017,17,75,0,56,,29,,,,,,47,0,,0,,,,
Benin,BEN,2018,,,,,0,,20,33,27,20,60,,,20,,40,20,60,40
Bhutan,BTN,2010,28,47,0,7,,40,,,,,,71,25,,0,,,,
Bhutan,BTN,2011,30,60,0,67,,71,,,,,,66,50,,0,,,,
Bhutan,BTN,2013,33,10,0,67,,29,,,,,,36,50,,0,,,,
Bhutan,BTN,2014,66,40,15,100,,57,,,,,,90,75,,0,,,,
Bhutan,BTN,2015,71,80,23,100,,86,,,,,,90,75,,0,,,,
Bhutan,BTN,2016,86,80,38,100,,100,,,,,,100,75,,8,,,,
Bhutan,BTN,2017,90,60,38,100,,86,,,,,,100,75,,0,,,,
Bhutan,BTN,2018,,,,,50,,0,53,47,80,70,,,67,,60,20,60,40
Bolivia,BOL,2011,10,60,8,56,,43,,,,,,46,50,,58,,,,
Bolivia,BOL,2012,86,75,31,78,,43,,,,,,56,50,,71,,,,
Bolivia,BOL,2013,96,85,15,89,,71,,,,,,87,100,,69,,,,
Bolivia,BOL,2014,71,80,15,78,,43,,,,,,90,100,,77,,,,
Bolivia,BOL,2015,91,75,23,89,,57,,,,,,90,100,,77,,,,
Bolivia,BOL,2016,96,90,23,100,,57,,,,,,90,100,,100,,,,
Bolivia,BOL,2017,90,100,15,100,,43,,,,,,63,100,,92,,,,
Bosnia and Herzegovina,BIH,2010,43,48,7,76,,20,,,,,,40,75,,0,,,,
Bosnia and Herzegovina,BIH,2011,40,85,8,56,,57,,,,,,73,75,,25,,,,
Bosnia and Herzegovina,BIH,2014,59,65,38,78,,86,,,,,,73,75,,54,,,,
Bosnia and Herzegovina,BIH,2015,49,80,38,67,,57,,,,,,30,100,,69,,,,
Bosnia and Herzegovina,BIH,2016,62,75,46,44,,71,,,,,,30,100,,62,,,,
Bosnia and Herzegovina,BIH,2017,62,75,54,44,,71,,,,,,30,100,,69,,,,
Bosnia and Herzegovina,BIH,2018,,,,,0,,60,60,27,20,30,,,33,,20,20,20,80
Botswana,BWA,2010,63,76,21,53,,40,,,,,,46,100,,66,,,,
Botswana,BWA,2013,81,70,0,78,,29,,,,,,10,0,,15,,,,
Botswana,BWA,2015,100,50,8,22,,29,,,,,,70,100,,92,,,,
Botswana,BWA,2017,65,60,8,78,,29,,,,,,10,50,,69,,,,
Botswana,BWA,2018,,,,,0,,20,27,13,20,10,,,47,,20,20,20,40
Brazil,BRA,2010,65,67,42,84,,20,,,,,,75,75,,20,,,,
Brazil,BRA,2011,100,90,100,0,,100,,,,,,90,100,,92,,,,
Brazil,BRA,2013,96,90,62,89,,100,,,,,,90,100,,92,,,,
Brazil,BRA,2014,96,100,85,100,,100,,,,,,100,100,,92,,,,
Brazil,BRA,2015,96,100,92,100,,100,,,,,,100,100,,100,,,,
Brazil,BRA,2016,96,100,100,100,,100,,,,,,100,100,,100,,,,
Brazil,BRA,2017,92,90,92,89,,100,,,,,,90,100,,100,,,,
Brazil,BRA,2018,,,,,60,,100,93,87,80,100,,,47,,80,100,100,80
Brunei,BRN,2010,65,61,14,84,,70,,,,,,66,0,,6,,,,
Brunei,BRN,2011,60,80,17,100,,43,,,,,,63,0,,25,,,,
Brunei,BRN,2012,71,90,15,100,,57,,,,,,63,50,,36,,,,
Brunei,BRN,2013,100,90,31,100,,71,,,,,,100,75,,46,,,,
Brunei,BRN,2014,100,100,38,100,,71,,,,,,100,100,,54,,,,
Brunei,BRN,2015,100,100,46,100,,100,,,,,,100,100,,54,,,,
Brunei,BRN,2017,58,85,15,78,,71,,,,,,100,25,,69,,,,
Bulgaria,BGR,2011,80,85,58,89,,43,,,,,,46,50,,100,,,,
Bulgaria,BGR,2014,86,70,92,100,,43,,,,,,63,75,,100,,,,
Bulgaria,BGR,2018,,,,,50,,80,67,53,80,70,,,73,,40,40,60,80
Burkina Faso,BFA,2012,76,60,8,56,,43,,,,,,53,100,,7,,,,
Burkina Faso,BFA,2013,86,65,23,100,,43,,,,,,80,100,,50,,,,
Burkina Faso,BFA,2014,77,90,15,67,,57,,,,,,46,100,,15,,,,
Burkina Faso,BFA,2017,96,70,15,78,,14,,,,,,27,75,,15,,,,
Burkina Faso,BFA,2018,,,,,0,,20,33,20,40,30,,,13,,20,20,60,40
Burundi,BDI,2011,0,40,8,22,,29,,,,,,46,0,,0,,,,
Burundi,BDI,2012,71,95,0,67,,71,,,,,,73,0,,0,,,,
Burundi,BDI,2013,41,100,0,67,,57,,,,,,73,0,,0,,,,
Burundi,BDI,2014,70,100,0,100,,86,,,,,,73,100,,0,,,,
Burundi,BDI,2015,70,100,0,100,,86,,,,,,73,100,,0,,,,
Burundi,BDI,2016,80,100,0,100,,100,,,,,,83,100,,0,,,,
Burundi,BDI,2017,72,85,0,44,,14,,,,,,20,50,,0,,,,
Burundi,BDI,2018,,,,,10,,0,7,13,20,30,,,27,,20,0,40,40
Cambodia,KHM,2010,76,84,14,69,,30,,,,,,58,100,,0,,,,
Cambodia,KHM,2011,50,95,17,56,,57,,,,,,83,75,,8,,,,
Cambodia,KHM,2012,57,95,15,89,,43,,,,,,56,50,,0,,,,
Cambodia,KHM,2013,57,95,38,78,,43,,,,,,46,50,,15,,,,
Cambodia,KHM,2014,39,80,0,78,,43,,,,,,56,50,,0,,,,
Cambodia,KHM,2015,47,80,23,89,,71,,,,,,73,50,,23,,,,
Cambodia,KHM,2016,68,85,23,89,,71,,,,,,90,50,,23,,,,
Cambodia,KHM,2017,92,85,54,100,,100,,,,,,100,100,,23,,,,
Cambodia,KHM,2018,,,,,60,,20,47,33,60,60,,,33,,40,60,20,40
Cameroon,CMR,2010,65,47,0,92,,70,,,,,,91,50,,13,,,,
Cameroon,CMR,2011,100,75,8,100,,86,,,,,,26,100,,50,,,,
Cameroon,CMR,2012,90,75,15,100,,86,,,,,,26,100,,50,,,,
Cameroon,CMR,2013,100,85,92,100,,100,,,,,,100,100,,85,,,,
Cameroon,CMR,2014,100,85,92,100,,100,,,,,,100,100,,100,,,,
Cameroon,CMR,2016,76,90,15,100,,86,,,,,,40,0,,92,,,,
Cameroon,CMR,2017,96,80,23,100,,43,,,,,,20,0,,92,,,,
Cameroon,CMR,2018,,,,,20,,40,27,33,60,40,,,33,,20,20,60,40
Canada,CAN,2010,70,47,100,23,,20,,,,,,83,50,,100,,,,
Canada,CAN,2011,90,100,100,100,,86,,,,,,83,100,,100,,,,
Canada,CAN,2012,100,100,100,100,,100,,,,,,83,100,,100,,,,
Canada,CAN,2013,100,100,100,100,,100,,,,,,83,100,,100,,,,
Canada,CAN,2014,100,95,100,100,,100,,,,,,100,100,,100,,,,
Canada,CAN,2015,100,95,100,100,,100,,,,,,100,100,,100,,,,
Canada,CAN,2016,100,100,100,100,,100,,,,,,100,100,,100,,,,
Canada,CAN,2017,100,100,100,100,,100,,,,,,100,100,,100,,,,
Canada,CAN,2018,,,,,100,,100,93,100,100,100,,,100,,100,100,100,100
Cape Verde,CPV,2010,53,80,0,92,,100,,,,,,75,50,,0,,,,
Cape Verde,CPV,2016,100,95,0,89,,100,,,,,,100,100,,0,,,,
Cape Verde,CPV,2017,100,100,0,100,,100,,,,,,73,50,,0,,,,
Cape Verde,CPV,2018,,,,,40,,20,60,20,60,50,,,53,,20,20,40,80
Central African Republic,CAF,2011,40,55,8,44,,14,,,,,,26,75,,0,,,,
Central African Republic,CAF,2013,43,40,0,33,,14,,,,,,0,0,,0,,,,
Central African Republic,CAF,2014,51,40,0,33,,14,,,,,,36,0,,0,,,,
Central African Republic,CAF,2016,83,45,0,78,,43,,,,,,27,25,,0,,,,
Central African Republic,CAF,2017,41,45,8,56,,29,,,,,,0,0,,31,,,,
Central African Republic,CAF,2018,,,,,0,,20,0,27,20,0,,,7,,20,0,20,0
Chad,TCD,2011,30,80,0,56,,57,,,,,,20,0,,0,,,,
Chad,TCD,2013,41,75,0,67,,57,,,,,,30,25,,23,,,,
Chad,TCD,2015,51,75,15,67,,57,,,,,,46,25,,23,,,,
Chad,TCD,2016,48,75,15,67,,57,,,,,,47,25,,23,,,,
Chad,TCD,2017,52,75,15,67,,57,,,,,,57,25,,23,,,,
Chad,TCD,2018,,,,,20,,20,27,27,20,30,,,27,,20,20,40,20
Chile,CHL,2011,90,90,67,100,,100,,,,,,56,100,,83,,,,
Chile,CHL,2012,67,85,23,89,,57,,,,,,46,50,,79,,,,
Chile,CHL,2013,86,90,31,89,,43,,,,,,100,75,,92,,,,
Chile,CHL,2014,86,95,23,100,,71,,,,,,83,75,,62,,,,
Chile,CHL,2015,66,90,54,100,,100,,,,,,83,75,,77,,,,
Chile,CHL,2016,66,90,46,100,,71,,,,,,100,100,,77,,,,
Chile,CHL,2017,70,90,54,100,,71,,,,,,100,100,,69,,,,
Chile,CHL,2018,,,,,70,,80,73,73,100,80,,,47,,20,100,60,100
China,CHN,2010,100,60,78,92,,70,,,,,,91,100,,100,,,,
China,CHN,2011,90,95,75,100,,100,,,,,,100,100,,100,,,,
China,CHN,2012,87,100,77,44,,100,,,,,,100,100,,100,,,,
China,CHN,2013,96,100,100,100,,100,,,,,,100,100,,100,,,,
China,CHN,2014,100,100,92,100,,100,,,,,,100,100,,100,,,,
China,CHN,2015,100,100,92,100,,100,,,,,,100,100,,100,,,,
China,CHN,2016,100,100,100,100,,100,,,,,,100,100,,100,,,,
China,CHN,2017,100,100,100,100,,100,,,,,,100,100,,100,,,,
China,CHN,2018,,,,,100,,100,93,80,100,100,,,93,,80,100,80,100
Colombia,COL,2010,63,84,85,100,,100,,,,,,100,100,,53,,,,
Colombia,COL,2011,70,50,42,78,,71,,,,,,53,100,,0,,,,
Colombia,COL,2012,90,70,62,33,,86,,,,,,73,100,,21,,,,
Colombia,COL,2013,76,50,77,89,,100,,,,,,63,100,,69,,,,
Colombia,COL,2014,76,50,69,78,,100,,,,,,63,100,,69,,,,
Colombia,COL,2015,80,85,77,89,,100,,,,,,90,100,,77,,,,
Colombia,COL,2016,80,95,85,89,,100,,,,,,100,100,,77,,,,
Colombia,COL,2017,80,95,85,89,,100,,,,,,100,100,,85,,,,
Colombia,COL,2018,,,,,80,,40,80,73,80,70,,,47,,60,60,60,80
Comoros,COM,2013,41,65,0,78,,14,,,,,,46,0,,8,,,,
Comoros,COM,2017,69,45,15,67,,43,,,,,,20,0,,23,,,,
Comoros,COM,2018,,,,,0,,0,20,13,40,40,,,20,,20,0,20,20
Congo,COG,2010,14,33,0,30,,10,,,,,,30,25,,0,,,,
Congo,COG,2011,70,90,33,56,,57,,,,,,40,75,,33,,,,
Congo,COG,2012,66,100,54,89,,71,,,,,,56,25,,43,,,,
Congo,COG,2013,71,37,15,78,,43,,,,,,26,0,,0,,,,
Congo,COG,2016,39,75,23,56,,57,,,,,,73,0,,0,,,,
Congo,COG,2017,33,60,23,78,,14,,,,,,30,0,,0,,,,
Congo,COG,2018,,,,,40,,40,53,47,40,60,,,40,,40,20,80,40
Cook Islands,COK,2012,96,100,77,100,,100,,,,,,90,100,,36,,,,
Cook Islands,COK,2013,96,90,69,100,,100,,,,,,100,100,,38,,,,
Cook Islands,COK,2015,51,85,0,33,,71,,,,,,100,100,,38,,,,
Cook Islands,COK,2016,42,80,0,33,,71,,,,,,100,50,,15,,,,
Cook Islands,COK,2017,38,75,15,22,,43,,,,,,63,0,,31,,,,
Cook Islands,COK,2018,,,,,80,,60,80,67,20,50,,,87,,60,20,80,60
Costa Rica,CRI,2010,94,80,71,69,,80,,,,,,100,100,,26,,,,
Costa Rica,CRI,2011,70,70,25,78,,86,,,,,,100,100,,75,,,,
Costa Rica,CRI,2012,80,95,38,100,,86,,,,,,100,100,,21,,,,
Costa Rica,CRI,2013,76,95,77,100,,100,,,,,,100,100,,62,,,,
Costa Rica,CRI,2014,76,95,77,100,,100,,,,,,100,100,,62,,,,
Costa Rica,CRI,2015,86,100,46,100,,100,,,,,,100,100,,54,,,,
Costa Rica,CRI,2016,90,100,38,100,,100,,,,,,100,100,,46,,,,
Costa Rica,CRI,2017,76,95,77,100,,100,,,,,,100,75,,77,,,,
Costa Rica,CRI,2018,,,,,60,,20,93,27,60,70,,,73,,80,100,80,80
Cote d'Ivoire,CIV,2011,90,0,8,78,,57,,,,,,73,50,,17,,,,
Cote d'Ivoire,CIV,2013,100,100,62,89,,100,,,,,,100,100,,100,,,,
Cote d'Ivoire,CIV,2016,100,95,77,100,,86,,,,,,80,50,,77,,,,
Cote d'Ivoire,CIV,2017,100,100,85,100,,86,,,,,,90,100,,85,,,,
Cote d'Ivoire,CIV,2018,,,,,40,,40,33,33,60,20,,,27,,20,100,80,20
Croatia,HRV,2010,100,100,100,92,,100,,,,,,75,100,,93,,,,
Croatia,HRV,2011,100,100,100,100,,100,,,,,,90,100,,100,,,,
Croatia,HRV,2013,87,85,100,100,,100,,,,,,90,100,,100,,,,
Croatia,HRV,2014,76,75,85,100,,43,,,,,,36,50,,62,,,,
Croatia,HRV,2015,76,75,85,100,,43,,,,,,36,50,,62,,,,
Croatia,HRV,2016,76,75,85,100,,43,,,,,,37,50,,62,,,,
Croatia,HRV,2017,76,75,85,100,,43,,,,,,37,50,,62,,,,
Croatia,HRV,2018,,,,,80,,80,80,47,80,70,,,67,,60,60,80,80
Cuba,CUB,2011,90,100,100,100,,100,,,,,,100,100,,92,,,,
Cuba,CUB,2012,96,100,100,100,,100,,,,,,100,100,,93,,,,
Cuba,CUB,2013,100,95,92,100,,100,,,,,,100,100,,100,,,,
Cuba,CUB,2014,86,100,85,100,,100,,,,,,100,100,,100,,,,
Cuba,CUB,2015,100,100,100,100,,100,,,,,,100,100,,100,,,,
Cuba,CUB,2016,90,100,100,100,,100,,,,,,100,100,,92,,,,
Cuba,CUB,2017,100,100,100,100,,100,,,,,,100,100,,100,,,,
Cuba,CUB,2018,,,,,100,,100,100,100,100,100,,,100,,100,100,100,100
Cyprus,CYP,2010,7,28,14,69,,20,,,,,,66,75,,46,,,,
Cyprus,CYP,2011,10,35,17,89,,43,,,,,,63,75,,100,,,,
Cyprus,CYP,2013,14,60,54,89,,71,,,,,,100,75,,100,,,,
Cyprus,CYP,2014,14,60,0,89,,57,,,,,,100,75,,100,,,,
Cyprus,CYP,2016,63,100,100,100,,100,,,,,,100,100,,100,,,,
Cyprus,CYP,2017,63,100,100,100,,100,,,,,,100,100,,100,,,,
Cyprus,CYP,2018,,,,,70,,40,67,87,80,70,,,60,,60,100,100,100
Czech Republic,CZE,2010,81,73,100,92,,90,,,,,,73,100,,100,,,,
Czech Republic,CZE,2011,90,90,100,100,,71,,,,,,66,100,,100,,,,
Czech Republic,CZE,2012,100,100,100,100,,86,,,,,,83,100,,86,,,,
Czech Republic,CZE,2013,100,95,100,100,,86,,,,,,83,100,,100,,,,
Czech Republic,CZE,2014,96,95,100,100,,86,,,,,,83,100,,100,,,,
Czech Republic,CZE,2015,96,95,100,100,,86,,,,,,83,100,,100,,,,
Czech Republic,CZE,2017,96,100,100,100,,86,,,,,,100,100,,100,,,,
Czech Republic,CZE,2018,,,,,30,,100,53,67,80,60,,,93,,40,60,80,60
Democratic Republic of Congo,COD,2010,66,68,14,30,,40,,,,,,58,0,,20,,,,
Democratic Republic of Congo,COD,2011,70,75,0,33,,57,,,,,,30,100,,92,,,,
Democratic Republic of Congo,COD,2012,71,85,8,44,,100,,,,,,30,100,,93,,,,
Democratic Republic of Congo,COD,2013,100,85,0,78,,100,,,,,,46,50,,77,,,,
Democratic Republic of Congo,COD,2014,100,85,0,89,,100,,,,,,46,50,,92,,,,
Democratic Republic of Congo,COD,2015,100,85,0,100,,100,,,,,,56,50,,92,,,,
Democratic Republic of Congo,COD,2016,86,70,0,100,,100,,,,,,57,50,,92,,,,
Democratic Republic of Congo,COD,2017,86,85,0,89,,100,,,,,,47,0,,92,,,,
Democratic Republic of Congo,COD,2018,,,,,20,,20,27,33,60,60,,,27,,20,20,60,20
Denmark,DNK,2010,56,28,85,100,,80,,,,,,91,50,,100,,,,
Denmark,DNK,2011,90,75,83,100,,100,,,,,,40,75,,100,,,,
Denmark,DNK,2013,91,90,100,89,,86,,,,,,80,100,,92,,,,
Denmark,DNK,2014,91,95,92,89,,86,,,,,,90,100,,100,,,,
Denmark,DNK,2015,91,95,92,89,,86,,,,,,90,100,,100,,,,
Denmark,DNK,2016,92,80,92,100,,100,,,,,,100,100,,92,,,,
Denmark,DNK,2017,100,60,92,100,,100,,,,,,100,100,,85,,,,
Denmark,DNK,2018,,,,,100,,60,93,100,100,100,,,100,,100,100,100,100
Djibouti,DJI,2012,29,45,8,56,,57,,,,,,36,50,,0,,,,
Djibouti,DJI,2013,41,55,23,67,,57,,,,,,36,50,,0,,,,
Djibouti,DJI,2014,12,85,8,56,,43,,,,,,90,100,,0,,,,
Djibouti,DJI,2017,59,70,15,44,,43,,,,,,53,25,,8,,,,
Djibouti,DJI,2018,,,,,30,,0,27,20,40,50,,,27,,20,0,60,80
Dominica,DMA,2010,5,32,14,76,,60,,,,,,91,50,,0,,,,
Dominica,DMA,2011,40,95,8,100,,57,,,,,,80,50,,8,,,,
Dominica,DMA,2012,71,85,31,78,,29,,,,,,100,75,,0,,,,
Dominica,DMA,2013,37,72,46,100,,100,,,,,,100,75,,31,,,,
Dominica,DMA,2014,73,90,31,89,,100,,,,,,100,75,,23,,,,
Dominica,DMA,2015,43,80,15,100,,100,,,,,,100,50,,15,,,,
Dominica,DMA,2016,43,80,15,100,,100,,,,,,100,50,,15,,,,
Dominica,DMA,2017,58,65,8,100,,100,,,,,,100,50,,8,,,,
Dominica,DMA,2018,,,,,90,,40,80,80,80,90,,,60,,80,20,60,100
Dominican Republic,DOM,2010,92,57,14,30,,40,,,,,,100,50,,53,,,,
Dominican Republic,DOM,2012,39,80,23,44,,86,,,,,,90,75,,57,,,,
Dominican Republic,DOM,2013,90,75,31,56,,100,,,,,,90,75,,69,,,,
Dominican Republic,DOM,2014,90,85,31,56,,100,,,,,,90,75,,69,,,,
Dominican Republic,DOM,2015,80,75,38,100,,71,,,,,,90,75,,77,,,,
Dominican Republic,DOM,2016,80,75,38,100,,71,,,,,,90,75,,77,,,,
Dominican Republic,DOM,2017,62,90,0,22,,100,,,,,,47,75,,62,,,,
Dominican Republic,DOM,2018,,,,,40,,80,40,53,20,40,,,33,,100,40,40,20
Ecuador,ECU,2010,16,43,28,46,,80,,,,,,66,0,,73,,,,
Ecuador,ECU,2011,60,70,50,89,,29,,,,,,63,50,,67,,,,
Ecuador,ECU,2012,35,35,38,56,,43,,,,,,56,0,,71,,,,
Ecuador,ECU,2013,41,60,15,78,,14,,,,,,56,25,,92,,,,
Ecuador,ECU,2014,71,85,54,89,,71,,,,,,100,75,,100,,,,
Ecuador,ECU,2015,86,95,62,100,,86,,,,,,100,100,,100,,,,
Ecuador,ECU,2016,83,90,31,100,,86,,,,,,90,100,,100,,,,
Ecuador,ECU,2017,83,90,69,100,,100,,,,,,100,100,,100,,,,
Ecuador,ECU,2018,,,,,80,,60,87,80,80,80,,,47,,60,80,80,60
Egypt,EGY,2010,88,88,85,84,,100,,,,,,100,75,,66,,,,
Egypt,EGY,2011,80,90,67,89,,86,,,,,,66,75,,92,,,,
Egypt,EGY,2012,86,90,77,89,,86,,,,,,83,75,,57,,,,
Egypt,EGY,2013,70,90,92,89,,100,,,,,,100,75,,69,,,,
Egypt,EGY,2014,100,90,92,89,,100,,,,,,100,75,,85,,,,
Egypt,EGY,2016,96,90,92,100,,100,,,,,,83,75,,100,,,,
Egypt,EGY,2017,96,90,92,100,,100,,,,,,100,75,,100,,,,
Egypt,EGY,2018,,,,,90,,80,93,100,80,90,,,73,,60,60,80,80
El Salvador,SLV,2011,100,100,17,33,,43,,,,,,100,100,,83,,,,
El Salvador,SLV,2012,100,100,46,67,,71,,,,,,90,75,,86,,,,
El Salvador,SLV,2013,100,100,54,100,,100,,,,,,100,100,,69,,,,
El Salvador,SLV,2014,100,100,62,100,,86,,,,,,100,100,,77,,,,
El Salvador,SLV,2015,100,100,54,100,,86,,,,,,100,100,,85,,,,
El Salvador,SLV,2016,100,95,92,100,,71,,,,,,100,100,,85,,,,
El Salvador,SLV,2017,100,100,92,100,,57,,,,,,100,100,,85,,,,
El Salvador,SLV,2018,,,,,100,,60,100,60,100,100,,,60,,40,40,100,20
Equatorial Guinea,GNQ,2011,0,0,0,0,,0,,,,,,0,0,,0,,,,
Equatorial Guinea,GNQ,2013,80,35,0,11,,14,,,,,,20,25,,0,,,,
Equatorial Guinea,GNQ,2017,76,35,0,11,,14,,,,,,20,25,,0,,,,
Equatorial Guinea,GNQ,2018,,,,,40,,0,33,20,20,0,,,40,,20,0,40,0
Eritrea,ERI,2010,59,48,0,92,,60,,,,,,55,50,,33,,,,
Eritrea,ERI,2011,80,100,17,56,,29,,,,,,53,50,,0,,,,
Eritrea,ERI,2013,86,80,54,89,,29,,,,,,100,50,,0,,,,
Eritrea,ERI,2014,86,95,54,78,,71,,,,,,100,100,,0,,,,
Eritrea,ERI,2015,86,95,54,78,,71,,,,,,100,100,,0,,,,
Eritrea,ERI,2016,72,90,0,33,,29,,,,,,63,100,,0,,,,
Eritrea,ERI,2017,72,90,0,33,,29,,,,,,63,100,,0,,,,
Eritrea,ERI,2018,,,,,40,,20,20,20,20,50,,,33,,40,20,80,20
Estonia,EST,2010,61,56,92,92,,60,,,,,,66,50,,73,,,,
Estonia,EST,2011,60,75,92,89,,43,,,,,,46,50,,58,,,,
Estonia,EST,2012,81,80,69,100,,86,,,,,,46,25,,29,,,,
Estonia,EST,2013,91,90,100,100,,100,,,,,,73,25,,77,,,,
Estonia,EST,2014,81,95,85,100,,86,,,,,,73,25,,92,,,,
Estonia,EST,2015,81,95,85,100,,86,,,,,,63,25,,92,,,,
Estonia,EST,2016,82,95,77,100,,86,,,,,,63,25,,92,,,,
Estonia,EST,2017,82,95,77,100,,86,,,,,,47,25,,92,,,,
Estonia,EST,2018,,,,,50,,80,87,73,80,70,,,80,,60,80,60,80
Ethiopia,ETH,2010,83,72,0,61,,60,,,,,,20,100,,0,,,,
Ethiopia,ETH,2011,100,85,25,100,,57,,,,,,83,100,,8,,,,
Ethiopia,ETH,2012,100,85,69,100,,86,,,,,,83,100,,14,,,,
Ethiopia,ETH,2014,100,95,0,100,,100,,,,,,66,100,,69,,,,
Ethiopia,ETH,2015,100,95,0,100,,100,,,,,,83,100,,69,,,,
Ethiopia,ETH,2016,100,95,0,100,,100,,,,,,83,100,,69,,,,
Ethiopia,ETH,2017,100,95,0,100,,100,,,,,,83,100,,69,,,,
Ethiopia,ETH,2018,,,,,40,,40,67,73,60,60,,,67,,80,20,80,20
Federated States of Micronesia,,2010,36,25,28,15,,30,,,,,,66,100,,0,,,,
Federated States of Micronesia,,2011,40,20,0,56,,71,,,,,,70,0,,0,,,,
Federated States of Micronesia,,2012,73,75,38,56,,100,,,,,,83,100,,57,,,,
Federated States of Micronesia,,2013,29,40,8,22,,57,,,,,,20,50,,0,,,,
Federated States of Micronesia,,2014,91,40,54,33,,100,,,,,,40,75,,38,,,,
Federated States of Micronesia,,2015,63,60,8,44,,86,,,,,,100,100,,15,,,,
Federated States of Micronesia,,2016,96,75,77,100,,100,,,,,,100,100,,15,,,,
Federated States of Micronesia,,2017,96,75,77,100,,100,,,,,,100,100,,15,,,,
Fiji,FJI,2010,14,32,0,7,,60,,,,,,56,50,,0,,,,
Fiji,FJI,2012,86,50,54,0,,0,,,,,,36,75,,0,,,,
Fiji,FJI,2013,100,85,92,100,,100,,,,,,100,100,,77,,,,
Fiji,FJI,2014,100,95,92,100,,100,,,,,,100,100,,92,,,,
Fiji,FJI,2018,,,,,90,,40,100,53,60,100,,,60,,20,20,40,80
Finland,FIN,2010,63,65,57,92,,100,,,,,,90,100,,100,,,,
Finland,FIN,2011,50,95,58,100,,100,,,,,,100,100,,100,,,,
Finland,FIN,2012,96,100,100,100,,100,,,,,,100,100,,100,,,,
Finland,FIN,2013,91,95,77,100,,100,,,,,,73,100,,92,,,,
Finland,FIN,2014,91,95,77,100,,100,,,,,,73,100,,92,,,,
Finland,FIN,2015,96,100,92,100,,100,,,,,,90,100,,100,,,,
Finland,FIN,2018,,,,,100,,100,100,93,100,100,,,100,,80,100,80,100
France,FRA,2010,85,67,71,38,,50,,,,,,56,100,,80,,,,
France,FRA,2011,100,95,92,67,,71,,,,,,53,100,,92,,,,
France,FRA,2012,96,95,92,78,,86,,,,,,63,100,,100,,,,
France,FRA,2013,100,95,85,100,,86,,,,,,80,100,,100,,,,
France,FRA,2014,100,95,92,100,,86,,,,,,80,100,,100,,,,
France,FRA,2015,100,95,100,100,,100,,,,,,90,100,,100,,,,
France,FRA,2016,100,95,100,100,,100,,,,,,100,100,,100,,,,
France,FRA,2017,100,95,100,100,,100,,,,,,100,100,,100,,,,
France,FRA,2018,,,,,40,,100,67,73,80,100,,,93,,80,100,80,80
Gabon,GAB,2011,70,35,58,89,,43,,,,,,33,25,,58,,,,
Gabon,GAB,2016,52,95,38,67,,43,,,,,,63,75,,31,,,,
Gabon,GAB,2017,52,95,38,67,,43,,,,,,63,75,,31,,,,
Gabon,GAB,2018,,,,,10,,40,13,27,100,50,,,33,,20,40,60,20
Gambia,GMB,2010,19,68,50,92,,40,,,,,,55,0,,0,,,,
Gambia,GMB,2011,60,80,67,89,,71,,,,,,43,50,,0,,,,
Gambia,GMB,2013,96,85,67,100,,71,,,,,,66,25,,38,,,,
Gambia,GMB,2014,41,45,38,0,,71,,,,,,53,50,,0,,,,
Gambia,GMB,2017,17,75,46,22,,14,,,,,,0,0,,0,,,,
Gambia,GMB,2018,,,,,30,,20,33,33,20,30,,,47,,20,20,60,40
Georgia,GEO,2010,94,96,85,92,,100,,,,,,91,100,,100,,,,
Georgia,GEO,2011,80,100,83,100,,100,,,,,,83,100,,92,,,,
Georgia,GEO,2012,91,100,62,100,,100,,,,,,100,100,,71,,,,
Georgia,GEO,2013,96,100,62,100,,100,,,,,,83,100,,83,,,,
Georgia,GEO,2014,96,95,62,100,,100,,,,,,100,100,,77,,,,
Georgia,GEO,2015,96,90,38,100,,86,,,,,,100,100,,62,,,,
Georgia,GEO,2016,100,95,77,100,,71,,,,,,100,100,,54,,,,
Georgia,GEO,2017,100,70,31,100,,57,,,,,,73,75,,69,,,,
Georgia,GEO,2018,,,,,40,,40,80,67,80,80,,,60,,20,100,60,60
Germany,DEU,2010,100,60,85,84,,70,,,,,,100,100,,80,,,,
Germany,DEU,2011,100,100,100,100,,100,,,,,,100,100,,100,,,,
Germany,DEU,2012,100,100,100,100,,100,,,,,,100,100,,100,,,,
Germany,DEU,2014,96,95,100,100,,100,,,,,,100,100,,100,,,,
Germany,DEU,2017,100,95,100,100,,100,,,,,,100,100,,100,,,,
Germany,DEU,2018,,,,,80,,100,93,93,100,100,,,100,,60,100,80,80
Ghana,GHA,2010,46,64,42,76,,90,,,,,,53,0,,93,,,,
Ghana,GHA,2011,30,75,0,33,,43,,,,,,53,50,,67,,,,
Ghana,GHA,2012,51,80,31,78,,43,,,,,,53,50,,43,,,,
Ghana,GHA,2013,100,85,54,100,,43,,,,,,73,75,,62,,,,
Ghana,GHA,2014,100,85,54,89,,71,,,,,,73,75,,62,,,,
Ghana,GHA,2016,96,80,46,100,,86,,,,,,73,75,,100,,,,
Ghana,GHA,2017,96,80,46,100,,86,,,,,,73,75,,100,,,,
Ghana,GHA,2018,,,,,40,,60,27,27,60,50,,,40,,80,40,20,40
Greece,GRC,2010,74,60,92,92,,90,,,,,,83,0,,80,,,,
Grenada,GRD,2011,50,90,25,100,,71,,,,,,73,50,,0,,,,
Grenada,GRD,2012,41,90,23,100,,57,,,,,,83,50,,0,,,,
Grenada,GRD,2013,45,85,46,100,,57,,,,,,83,75,,0,,,,
Grenada,GRD,2015,49,95,46,100,,86,,,,,,83,100,,15,,,,
Grenada,GRD,2016,49,95,46,100,,86,,,,,,83,100,,15,,,,
Guatemala,GTM,2011,90,85,67,67,,86,,,,,,66,75,,33,,,,
Guatemala,GTM,2012,91,85,62,89,,86,,,,,,66,75,,29,,,,
Guatemala,GTM,2013,75,100,100,100,,100,,,,,,100,50,,67,,,,
Guatemala,GTM,2014,75,75,62,78,,57,,,,,,73,0,,31,,,,
Guatemala,GTM,2015,100,100,77,100,,100,,,,,,83,50,,69,,,,
Guatemala,GTM,2016,29,55,54,100,,43,,,,,,53,50,,54,,,,
Guatemala,GTM,2018,,,,,60,,100,67,80,60,30,,,33,,60,60,80,20
Guinea,GIN,2011,50,40,8,11,,14,,,,,,10,0,,0,,,,
Guinea,GIN,2014,86,90,0,22,,43,,,,,,73,100,,0,,,,
Guinea,GIN,2015,86,90,0,22,,43,,,,,,73,100,,0,,,,
Guinea,GIN,2017,96,90,15,100,,29,,,,,,37,50,,8,,,,
Guinea,GIN,2018,,,,,60,,20,47,73,80,60,,,53,,40,20,80,40
Guinea-Bissau,GNB,2014,41,55,0,44,,57,,,,,,46,75,,0,,,,
Guinea-Bissau,GNB,2015,47,95,0,67,,71,,,,,,56,100,,0,,,,
Guinea-Bissau,GNB,2016,52,80,0,67,,71,,,,,,47,100,,0,,,,
Guinea-Bissau,GNB,2017,52,95,0,67,,71,,,,,,90,100,,0,,,,
Guinea-Bissau,GNB,2018,,,,,20,,20,27,53,80,40,,,33,,40,20,60,20
Guyana,GUY,2010,54,28,0,46,,40,,,,,,75,0,,0,,,,
Guyana,GUY,2011,90,75,75,89,,71,,,,,,100,75,,0,,,,
Guyana,GUY,2012,100,80,62,100,,71,,,,,,83,100,,7,,,,
Guyana,GUY,2013,100,80,62,100,,86,,,,,,83,100,,0,,,,
Guyana,GUY,2014,100,90,62,100,,86,,,,,,83,100,,0,,,,
Guyana,GUY,2015,100,95,62,100,,100,,,,,,100,100,,0,,,,
Guyana,GUY,2017,100,95,77,100,,100,,,,,,100,100,,54,,,,
Haiti,HTI,2011,80,5,17,33,,86,,,,,,10,0,,0,,,,
Haiti,HTI,2013,60,95,0,67,,100,,,,,,46,25,,0,,,,
Haiti,HTI,2014,96,95,0,44,,86,,,,,,46,0,,0,,,,
Haiti,HTI,2015,96,100,38,67,,100,,,,,,46,0,,0,,,,
Haiti,HTI,2016,80,85,69,100,,71,,,,,,47,0,,54,,,,
Haiti,HTI,2017,80,85,69,100,,71,,,,,,63,50,,54,,,,
Haiti,HTI,2018,,,,,10,,0,27,47,60,60,,,27,,20,40,40,20
Honduras,HND,2010,70,69,7,84,,10,,,,,,83,50,,53,,,,
Honduras,HND,2011,40,60,0,100,,43,,,,,,100,25,,33,,,,
Honduras,HND,2012,91,90,0,100,,29,,,,,,26,50,,7,,,,
Honduras,HND,2013,66,90,31,100,,0,,,,,,56,75,,23,,,,
Honduras,HND,2014,71,90,8,78,,43,,,,,,53,50,,31,,,,
Honduras,HND,2015,81,95,38,100,,57,,,,,,80,100,,62,,,,
Honduras,HND,2016,80,95,46,89,,71,,,,,,100,100,,77,,,,
Honduras,HND,2017,68,90,77,89,,71,,,,,,73,50,,100,,,,
Honduras,HND,2018,,,,,40,,0,7,20,80,80,,,0,,40,0,20,20
Hungary,HUN,2010,92,64,50,61,,60,,,,,,40,75,,100,,,,
Hungary,HUN,2011,90,100,100,100,,100,,,,,,40,100,,100,,,,
Hungary,HUN,2012,91,80,92,100,,71,,,,,,50,100,,100,,,,
Hungary,HUN,2013,96,85,100,100,,100,,,,,,100,100,,100,,,,
Hungary,HUN,2014,96,85,85,100,,100,,,,,,100,75,,100,,,,
Hungary,HUN,2015,100,80,92,100,,86,,,,,,100,100,,100,,,,
Hungary,HUN,2016,100,95,92,100,,86,,,,,,100,100,,100,,,,
Hungary,HUN,2017,96,95,92,100,,86,,,,,,100,100,,100,,,,
Hungary,HUN,2018,,,,,50,,100,87,60,80,90,,,53,,40,60,20,80
Iceland,ISL,2011,60,45,58,100,,14,,,,,,80,50,,83,,,,
Iceland,ISL,2012,77,75,54,100,,71,,,,,,100,100,,79,,,,
Iceland,ISL,2014,86,85,54,100,,71,,,,,,83,100,,77,,,,
Iceland,ISL,2016,53,65,54,78,,86,,,,,,80,100,,46,,,,
Iceland,ISL,2017,53,65,54,78,,86,,,,,,80,100,,46,,,,
Iceland,ISL,2018,,,,,80,,80,87,100,80,100,,,93,,100,60,60,80
India,IND,2010,94,72,50,100,,80,,,,,,100,75,,60,,,,
India,IND,2011,70,60,25,100,,57,,,,,,100,75,,100,,,,
India,IND,2012,91,85,23,100,,71,,,,,,100,100,,100,,,,
India,IND,2013,100,100,62,100,,100,,,,,,100,100,,100,,,,
India,IND,2016,100,100,100,100,,100,,,,,,100,100,,100,,,,
India,IND,2017,70,100,100,100,,100,,,,,,100,100,,100,,,,
India,IND,2018,,,,,80,,100,80,67,60,90,,,33,,80,80,100,60
Indonesia,IDN,2010,100,56,85,84,,80,,,,,,100,100,,86,,,,
Indonesia,IDN,2011,100,85,42,100,,71,,,,,,100,100,,17,,,,
Indonesia,IDN,2012,96,85,85,100,,100,,,,,,46,100,,100,,,,
Indonesia,IDN,2013,96,90,92,100,,86,,,,,,100,100,,100,,,,
Indonesia,IDN,2014,100,90,85,100,,86,,,,,,100,100,,100,,,,
Indonesia,IDN,2015,100,100,85,100,,100,,,,,,100,100,,100,,,,
Indonesia,IDN,2016,100,100,92,100,,100,,,,,,100,100,,92,,,,
Indonesia,IDN,2017,100,100,92,100,,100,,,,,,100,100,,100,,,,
Indonesia,IDN,2018,,,,,80,,60,73,53,60,60,,,53,,60,40,80,60
Iran,IRN,2010,100,71,7,84,,60,,,,,,100,100,,0,,,,
Iran,IRN,2011,90,90,0,89,,71,,,,,,90,100,,17,,,,
Iran,IRN,2012,100,100,77,100,,86,,,,,,90,100,,71,,,,
Iran,IRN,2013,100,100,62,100,,86,,,,,,100,100,,46,,,,
Iran,IRN,2014,90,100,46,100,,71,,,,,,100,100,,8,,,,
Iran,IRN,2015,100,100,46,100,,71,,,,,,100,100,,8,,,,
Iran,IRN,2017,100,90,31,89,,43,,,,,,83,75,,8,,,,
Iran,IRN,2018,,,,,60,,80,100,100,60,80,,,100,,80,100,80,80
Iraq,IRQ,2010,28,84,35,61,,90,,,,,,66,50,,26,,,,
Iraq,IRQ,2011,60,95,50,78,,71,,,,,,100,100,,33,,,,
Iraq,IRQ,2012,91,90,38,89,,57,,,,,,83,100,,64,,,,
Iraq,IRQ,2013,100,100,54,100,,100,,,,,,100,100,,77,,,,
Iraq,IRQ,2014,81,95,62,100,,100,,,,,,90,100,,77,,,,
Iraq,IRQ,2017,90,80,77,100,,86,,,,,,100,100,,77,,,,
Iraq,IRQ,2018,,,,,80,,100,53,87,100,90,,,80,,100,40,100,60
Ireland,IRL,2010,23,84,42,92,,40,,,,,,56,25,,53,,,,
Ireland,IRL,2011,20,55,25,67,,71,,,,,,53,25,,67,,,,
Ireland,IRL,2012,77,85,92,100,,100,,,,,,80,25,,64,,,,
Ireland,IRL,2018,,,,,0,,60,40,80,60,70,,,67,,100,60,60,100
Israel,ISR,2010,100,96,57,0,,100,,,,,,66,50,,33,,,,
Israel,ISR,2015,50,50,100,89,,100,,,,,,70,0,,100,,,,
Israel,ISR,2016,50,50,100,89,,100,,,,,,70,0,,100,,,,
Israel,ISR,2018,,,,,60,,100,93,100,80,90,,,100,,100,100,80,100
Italy,ITA,2010,92,76,78,92,,70,,,,,,66,50,,86,,,,
Italy,ITA,2011,100,80,100,100,,71,,,,,,56,50,,83,,,,
Italy,ITA,2016,96,95,100,100,,100,,,,,,67,100,,92,,,,
Italy,ITA,2018,,,,,80,,80,87,100,100,90,,,93,,60,60,80,80
Jamaica,JAM,2010,50,27,7,53,,40,,,,,,48,0,,0,,,,
Jamaica,JAM,2011,80,100,92,100,,100,,,,,,80,25,,92,,,,
Jamaica,JAM,2012,90,100,54,100,,86,,,,,,73,50,,0,,,,
Jamaica,JAM,2013,47,70,62,67,,57,,,,,,66,100,,23,,,,
Jamaica,JAM,2014,53,60,38,67,,57,,,,,,73,50,,31,,,,
Jamaica,JAM,2015,86,90,77,78,,71,,,,,,90,50,,85,,,,
Jamaica,JAM,2016,96,90,77,78,,71,,,,,,100,50,,85,,,,
Jamaica,JAM,2018,,,,,90,,80,80,80,80,90,,,73,,80,40,60,80
Japan,JPN,2010,100,80,100,92,,70,,,,,,100,100,,100,,,,
Japan,JPN,2011,100,100,100,100,,100,,,,,,100,100,,100,,,,
Japan,JPN,2012,100,100,100,100,,100,,,,,,100,100,,100,,,,
Japan,JPN,2013,100,100,100,100,,100,,,,,,100,100,,100,,,,
Japan,JPN,2014,100,100,100,100,,100,,,,,,100,75,,100,,,,
Japan,JPN,2015,100,100,100,100,,100,,,,,,100,100,,100,,,,
Japan,JPN,2016,100,100,100,100,,100,,,,,,100,100,,100,,,,
Japan,JPN,2017,100,100,100,100,,100,,,,,,100,100,,100,,,,
Jordan,JOR,2010,100,84,64,84,,100,,,,,,100,75,,53,,,,
Jordan,JOR,2011,90,100,67,100,,71,,,,,,100,100,,58,,,,
Jordan,JOR,2012,100,100,100,100,,100,,,,,,50,50,,100,,,,
Jordan,JOR,2013,96,100,85,100,,57,,,,,,100,100,,77,,,,
Jordan,JOR,2014,100,100,92,100,,100,,,,,,100,100,,100,,,,
Jordan,JOR,2016,88,80,46,89,,100,,,,,,90,75,,,,,,
Jordan,JOR,2017,88,80,46,89,,100,,,,,,90,75,,0,,,,
Jordan,JOR,2018,,,,,40,,20,20,80,60,30,,,47,,40,40,80,40
Kazakhstan,KAZ,2011,100,70,100,89,,43,,,,,,53,75,,100,,,,
Kazakhstan,KAZ,2012,96,70,100,89,,43,,,,,,53,100,,100,,,,
Kazakhstan,KAZ,2013,86,70,100,89,,43,,,,,,53,100,,100,,,,
Kazakhstan,KAZ,2014,96,70,100,89,,43,,,,,,53,100,,100,,,,
Kazakhstan,KAZ,2015,96,70,85,89,,43,,,,,,53,100,,100,,,,
Kazakhstan,KAZ,2018,,,,,100,,100,67,40,80,40,,,80,,80,80,80,20
Kenya,KEN,2010,94,76,0,100,,80,,,,,,81,50,,66,,,,
Kenya,KEN,2011,90,70,25,100,,71,,,,,,90,50,,100,,,,
Kenya,KEN,2012,65,75,46,89,,57,,,,,,90,50,,64,,,,
Kenya,KEN,2013,96,85,46,100,,57,,,,,,100,50,,46,,,,
Kenya,KEN,2017,72,50,38,67,,86,,,,,,20,0,,62,,,,
Kenya,KEN,2018,,,,,40,,40,20,33,60,20,,,33,,20,40,20,20
Kiribati,KIR,2010,57,48,14,84,,80,,,,,,100,75,,6,,,,
Kiribati,KIR,2011,50,90,0,44,,100,,,,,,100,100,,0,,,,
Kiribati,KIR,2012,56,100,0,89,,100,,,,,,100,100,,0,,,,
Kiribati,KIR,2013,71,68,46,100,,83,,,,,,53,100,,23,,,,
Kiribati,KIR,2014,41,65,15,56,,57,,,,,,73,100,,23,,,,
Kiribati,KIR,2018,,,,,70,,20,60,33,40,60,,,33,,20,20,60,80
Kuwait,KWT,2010,67,64,0,84,,60,,,,,,90,50,,13,,,,
Kuwait,KWT,2011,90,90,0,33,,100,,,,,,100,100,,25,,,,
Kuwait,KWT,2012,100,65,0,100,,100,,,,,,100,100,,21,,,,
Kuwait,KWT,2013,100,70,0,100,,100,,,,,,100,100,,77,,,,
Kuwait,KWT,2014,90,60,0,100,,100,,,,,,100,100,,92,,,,
Kuwait,KWT,2015,100,60,0,100,,100,,,,,,100,100,,92,,,,
Kuwait,KWT,2016,100,60,0,100,,100,,,,,,100,100,,92,,,,
Kuwait,KWT,2017,100,60,0,100,,100,,,,,,100,100,,92,,,,
Kuwait,KWT,2018,,,,,60,,80,33,47,40,80,,,53,,20,40,60,80
Kyrgyzstan,KGZ,2011,80,60,75,100,,43,,,,,,33,25,,75,,,,
Kyrgyzstan,KGZ,2018,,,,,40,,60,53,73,80,60,,,53,,40,40,60,40
Laos,LAO,2010,61,64,0,84,,20,,,,,,75,75,,0,,,,
Laos,LAO,2011,60,70,0,56,,71,,,,,,83,100,,0,,,,
Laos,LAO,2012,31,75,0,44,,14,,,,,,36,50,,0,,,,
Laos,LAO,2013,57,85,0,78,,86,,,,,,46,100,,0,,,,
Laos,LAO,2014,81,80,0,89,,86,,,,,,46,100,,0,,,,
Laos,LAO,2015,81,75,54,89,,86,,,,,,66,100,,15,,,,
Laos,LAO,2016,86,90,54,89,,86,,,,,,67,100,,15,,,,
Laos,LAO,2018,,,,,30,,20,47,40,20,50,,,20,,20,20,20,40
Latvia,LVA,2010,81,69,71,76,,80,,,,,,71,25,,100,,,,
Latvia,LVA,2011,90,75,92,100,,71,,,,,,100,25,,100,,,,
Latvia,LVA,2012,96,80,92,100,,71,,,,,,66,100,,100,,,,
Latvia,LVA,2014,100,90,92,100,,100,,,,,,66,100,,100,,,,
Latvia,LVA,2015,96,90,92,100,,86,,,,,,66,100,,100,,,,
Latvia,LVA,2016,92,90,92,100,,86,,,,,,83,100,,100,,,,
Latvia,LVA,2017,92,90,92,100,,86,,,,,,100,100,,100,,,,
Latvia,LVA,2018,,,,,80,,60,80,80,80,90,,,87,,60,40,80,80
Lebanon,LBN,2010,56,64,7,76,,80,,,,,,55,50,,66,,,,
Lebanon,LBN,2011,50,65,8,89,,29,,,,,,66,100,,67,,,,
Lebanon,LBN,2012,49,65,54,100,,29,,,,,,56,100,,71,,,,
Lebanon,LBN,2013,66,80,69,89,,57,,,,,,56,100,,82,,,,
Lebanon,LBN,2014,66,80,69,89,,57,,,,,,56,100,,92,,,,
Lebanon,LBN,2017,66,80,92,89,,57,,,,,,57,100,,92,,,,
Lebanon,LBN,2018,,,,,30,,40,87,60,80,100,,,60,,40,40,40,40
Lesotho,LSO,2010,70,44,21,76,,60,,,,,,73,0,,6,,,,
Lesotho,LSO,2011,100,75,17,89,,57,,,,,,50,25,,0,,,,
Lesotho,LSO,2013,96,65,15,89,,86,,,,,,90,100,,17,,,,
Lesotho,LSO,2016,100,85,31,100,,71,,,,,,100,100,,15,,,,
Lesotho,LSO,2017,100,55,15,78,,71,,,,,,83,100,,15,,,,
Lesotho,LSO,2018,,,,,20,,0,53,13,40,40,,,27,,40,0,40,40
Liberia,LBR,2010,46,76,7,15,,50,,,,,,73,25,,0,,,,
Liberia,LBR,2011,70,85,0,0,,29,,,,,,0,0,,0,,,,
Liberia,LBR,2017,90,100,38,56,,100,,,,,,100,100,,31,,,,
Liberia,LBR,2018,,,,,60,,20,27,47,60,70,,,33,,60,20,40,20
Libya,LBY,2010,61,59,0,53,,70,,,,,,56,75,,0,,,,
Libya,LBY,2011,60,70,0,44,,71,,,,,,63,75,,83,,,,
Libya,LBY,2012,33,65,0,33,,29,,,,,,73,75,,71,,,,
Libya,LBY,2013,61,45,15,78,,29,,,,,,56,75,,83,,,,
Libya,LBY,2014,66,45,15,78,,43,,,,,,83,75,,77,,,,
Libya,LBY,2015,66,45,15,78,,43,,,,,,83,75,,77,,,,
Libya,LBY,2016,66,55,8,78,,43,,,,,,83,75,,77,,,,
Libya,LBY,2017,66,55,8,78,,43,,,,,,83,75,,77,,,,
Libya,LBY,2018,,,,,0,,40,33,27,60,40,,,27,,20,40,80,20
Lithuania,LTU,2010,87,80,64,92,,50,,,,,,65,100,,100,,,,
Lithuania,LTU,2011,50,70,83,100,,100,,,,,,83,100,,100,,,,
Lithuania,LTU,2012,87,85,100,100,,100,,,,,,83,100,,93,,,,
Lithuania,LTU,2013,100,95,100,100,,100,,,,,,83,100,,100,,,,
Lithuania,LTU,2014,77,90,92,89,,100,,,,,,83,100,,100,,,,
Lithuania,LTU,2015,81,90,92,89,,100,,,,,,83,100,,100,,,,
Lithuania,LTU,2016,82,90,92,100,,86,,,,,,83,100,,100,,,,
Lithuania,LTU,2017,35,95,92,100,,86,,,,,,83,100,,100,,,,
Lithuania,LTU,2018,,,,,60,,100,87,93,80,90,,,100,,60,80,80,80
Luxembourg,LUX,2010,12,27,42,53,,70,,,,,,56,0,,80,,,,
Luxembourg,LUX,2011,40,95,42,100,,86,,,,,,90,25,,100,,,,
Luxembourg,LUX,2012,83,50,46,89,,100,,,,,,53,0,,86,,,,
Luxembourg,LUX,2013,87,75,85,100,,100,,,,,,90,100,,92,,,,
Luxembourg,LUX,2014,96,75,85,100,,100,,,,,,90,100,,100,,,,
Luxembourg,LUX,2015,96,75,85,100,,100,,,,,,90,100,,100,,,,
Luxembourg,LUX,2016,96,75,85,100,,100,,,,,,90,100,,100,,,,
Luxembourg,LUX,2017,96,75,85,100,,100,,,,,,90,100,,100,,,,
Luxembourg,LUX,2018,,,,,60,,80,100,80,80,90,,,60,,80,40,80,80
Macedonia,MKD,2011,30,65,33,78,,71,,,,,,10,75,,67,,,,
Macedonia,MKD,2013,71,55,77,86,,100,,,,,,63,100,,46,,,,
Macedonia,MKD,2014,76,85,85,100,,100,,,,,,90,100,,77,,,,
Macedonia,MKD,2015,76,90,85,100,,100,,,,,,90,100,,77,,,,
Macedonia,MKD,2016,68,90,85,100,,100,,,,,,100,100,,77,,,,
Macedonia,MKD,2017,63,100,85,100,,100,,,,,,100,100,,77,,,,
Macedonia,MKD,2018,,,,,100,,40,73,47,40,90,,,67,,40,40,80,60
Madagascar,MDG,2011,50,25,0,33,,14,,,,,,50,0,,0,,,,
Madagascar,MDG,2013,59,55,8,44,,14,,,,,,36,0,,0,,,,
Madagascar,MDG,2014,59,55,8,44,,14,,,,,,36,0,,0,,,,
Madagascar,MDG,2017,47,70,23,100,,57,,,,,,27,0,,23,,,,
Madagascar,MDG,2018,,,,,20,,0,20,27,20,30,,,33,,20,20,20,40
Malawi,MWI,2011,70,75,50,78,,57,,,,,,53,50,,67,,,,
Malawi,MWI,2014,66,90,8,67,,43,,,,,,43,0,,54,,,,
Malawi,MWI,2017,70,75,8,78,,86,,,,,,100,0,,8,,,,
Malawi,MWI,2018,,,,,30,,20,40,33,60,40,,,40,,20,20,80,40
Malaysia,MYS,2010,77,64,100,100,,70,,,,,,100,100,,100,,,,
Malaysia,MYS,2011,100,100,100,100,,100,,,,,,100,100,,100,,,,
Malaysia,MYS,2012,100,100,100,100,,100,,,,,,100,100,,100,,,,
Malaysia,MYS,2013,100,100,100,100,,100,,,,,,100,100,,100,,,,
Malaysia,MYS,2014,100,100,100,100,,100,,,,,,100,100,,100,,,,
Malaysia,MYS,2015,100,90,100,100,,100,,,,,,100,100,,100,,,,
Malaysia,MYS,2016,100,100,100,100,,100,,,,,,100,100,,100,,,,
Malaysia,MYS,2018,,,,,100,,80,100,100,100,100,,,100,,100,80,100,80
Maldives,MDV,2010,61,79,7,69,,60,,,,,,100,100,,0,,,,
Maldives,MDV,2011,50,70,0,89,,71,,,,,,100,0,,0,,,,
Maldives,MDV,2012,76,85,8,67,,71,,,,,,83,75,,0,,,,
Maldives,MDV,2013,86,55,54,100,,71,,,,,,90,50,,0,,,,
Maldives,MDV,2014,96,55,54,100,,71,,,,,,90,50,,15,,,,
Maldives,MDV,2015,73,55,23,89,,57,,,,,,100,75,,8,,,,
Maldives,MDV,2016,92,85,31,67,,71,,,,,,100,50,,8,,,,
Maldives,MDV,2017,92,95,31,67,,71,,,,,,100,75,,8,,,,
Maldives,MDV,2018,,,,,40,,0,67,53,20,70,,,60,,20,0,20,80
Mali,MLI,2011,70,95,8,67,,57,,,,,,100,50,,0,,,,
Mali,MLI,2017,80,60,0,78,,43,,,,,,30,50,,8,,,,
Mali,MLI,2018,,,,,30,,20,47,53,80,50,,,33,,60,20,40,80
Malta,MLT,2011,90,80,33,89,,43,,,,,,63,50,,58,,,,
Malta,MLT,2012,79,100,54,100,,57,,,,,,100,100,,57,,,,
Malta,MLT,2013,87,100,90,100,,67,,,,,,83,100,,62,,,,
Malta,MLT,2014,77,100,77,100,,71,,,,,,100,100,,62,,,,
Malta,MLT,2016,78,100,38,100,,100,,,,,,100,100,,69,,,,
Malta,MLT,2017,78,100,38,100,,100,,,,,,100,100,,69,,,,
Malta,MLT,2018,,,,,60,,40,100,20,80,70,,,53,,20,20,100,80
Marshall Islands,MHL,2010,81,47,85,92,,50,,,,,,100,100,,20,,,,
Marshall Islands,MHL,2011,70,40,8,33,,100,,,,,,100,50,,8,,,,
Marshall Islands,MHL,2012,37,75,0,0,,86,,,,,,60,75,,7,,,,
Marshall Islands,MHL,2013,56,80,0,0,,71,,,,,,53,100,,0,,,,
Marshall Islands,MHL,2017,96,95,77,0,,86,,,,,,47,0,,8,,,,
Marshall Islands,MHL,2018,,,,,30,,60,53,80,20,20,,,40,,80,20,20,40
Mauritania,MRT,2010,48,60,14,92,,10,,,,,,38,0,,13,,,,
Mauritania,MRT,2011,30,50,0,44,,0,,,,,,20,0,,58,,,,
Mauritania,MRT,2012,35,35,46,100,,0,,,,,,20,0,,71,,,,
Mauritania,MRT,2014,35,45,46,100,,0,,,,,,20,0,,69,,,,
Mauritania,MRT,2015,31,45,46,100,,0,,,,,,20,0,,69,,,,
Mauritania,MRT,2017,38,55,23,56,,0,,,,,,40,25,,31,,,,
Mauritania,MRT,2018,,,,,20,,40,27,20,20,40,,,27,,20,20,20,20
Mauritius,MUS,2013,51,55,54,100,,43,,,,,,83,75,,23,,,,
Mauritius,MUS,2014,51,55,54,100,,57,,,,,,83,75,,62,,,,
Mauritius,MUS,2015,56,45,62,100,,57,,,,,,83,75,,62,,,,
Mauritius,MUS,2016,56,70,8,78,,71,,,,,,100,75,,62,,,,
Mauritius,MUS,2017,66,80,69,78,,71,,,,,,100,75,,62,,,,
Mauritius,MUS,2018,,,,,80,,20,53,60,20,90,,,67,,80,80,60,80
Mexico,MEX,2010,100,44,14,53,,70,,,,,,50,50,,13,,,,
Mexico,MEX,2011,100,70,33,67,,43,,,,,,63,100,,67,,,,
Mexico,MEX,2012,96,80,69,89,,43,,,,,,53,100,,86,,,,
Mexico,MEX,2013,100,95,69,100,,71,,,,,,70,100,,92,,,,
Mexico,MEX,2014,100,95,85,100,,100,,,,,,80,100,,100,,,,
Mexico,MEX,2015,100,95,100,100,,100,,,,,,70,100,,100,,,,
Mexico,MEX,2016,100,95,100,100,,100,,,,,,70,100,,100,,,,
Mexico,MEX,2017,96,95,85,100,,100,,,,,,70,100,,100,,,,
Mexico,MEX,2018,,,,,80,,80,100,87,80,100,,,87,,60,80,100,80
Moldova,MDA,2010,54,80,50,92,,50,,,,,,75,100,,100,,,,
Moldova,MDA,2011,60,90,75,89,,57,,,,,,83,100,,100,,,,
Moldova,MDA,2012,66,95,69,89,,57,,,,,,83,100,,100,,,,
Moldova,MDA,2014,96,100,77,100,,57,,,,,,90,100,,100,,,,
Moldova,MDA,2015,96,100,77,100,,57,,,,,,90,100,,100,,,,
Moldova,MDA,2016,96,95,92,100,,57,,,,,,100,100,,92,,,,
Moldova,MDA,2018,,,,,60,,40,80,53,60,70,,,60,,60,40,40,80
Monaco,MCO,2011,30,70,67,0,,57,,,,,,46,75,,75,,,,
Monaco,MCO,2012,57,70,69,0,,71,,,,,,63,75,,71,,,,
Monaco,MCO,2013,57,80,92,88,,71,,,,,,63,75,,54,,,,
Monaco,MCO,2014,57,90,92,78,,71,,,,,,90,75,,54,,,,
Monaco,MCO,2016,73,80,54,78,,29,,,,,,100,100,,92,,,,
Monaco,MCO,2017,88,80,54,78,,29,,,,,,100,100,,92,,,,
Monaco,MCO,2018,,,,,90,,80,80,100,100,90,,,100,,40,40,80,80
Mongolia,MNG,2010,83,80,64,92,,90,,,,,,56,100,,66,,,,
Mongolia,MNG,2011,80,85,42,100,,100,,,,,,100,100,,92,,,,
Mongolia,MNG,2012,73,55,46,100,,71,,,,,,100,100,,57,,,,
Mongolia,MNG,2013,77,70,38,100,,100,,,,,,100,100,,46,,,,
Mongolia,MNG,2014,100,75,77,100,,86,,,,,,83,100,,46,,,,
Mongolia,MNG,2015,67,75,69,89,,86,,,,,,100,100,,69,,,,
Mongolia,MNG,2017,96,85,77,100,,86,,,,,,100,100,,69,,,,
Mongolia,MNG,2018,,,,,100,,100,80,87,100,100,,,93,,80,80,80,60
Montenegro,MNE,2012,77,75,31,56,,57,,,,,,100,25,,64,,,,
Montenegro,MNE,2013,77,80,31,63,,71,,,,,,83,25,,62,,,,
Montenegro,MNE,2014,77,80,31,56,,86,,,,,,83,25,,62,,,,
Montenegro,MNE,2015,77,80,31,56,,86,,,,,,83,25,,62,,,,
Montenegro,MNE,2016,78,80,31,56,,86,,,,,,83,25,,62,,,,
Montenegro,MNE,2017,78,80,31,56,,86,,,,,,83,25,,62,,,,
Montenegro,MNE,2018,,,,,20,,80,47,53,20,50,,,53,,80,20,80,20
Morocco,MAR,2010,72,92,64,100,,100,,,,,,100,100,,66,,,,
Morocco,MAR,2011,100,95,33,100,,100,,,,,,100,100,,100,,,,
Morocco,MAR,2012,86,95,38,100,,100,,,,,,100,100,,100,,,,
Morocco,MAR,2013,86,100,77,100,,100,,,,,,100,100,,100,,,,
Morocco,MAR,2014,90,100,77,100,,100,,,,,,100,100,,100,,,,
Morocco,MAR,2016,90,100,77,100,,100,,,,,,100,100,,100,,,,
Morocco,MAR,2017,90,100,77,100,,100,,,,,,100,100,,100,,,,
Morocco,MAR,2018,,,,,70,,60,87,80,80,50,,,67,,80,80,80,80
Mozambique,MOZ,2010,40,61,14,15,,10,,,,,,48,25,,13,,,,
Mozambique,MOZ,2011,100,70,8,33,,43,,,,,,83,0,,8,,,,
Mozambique,MOZ,2012,91,70,8,33,,43,,,,,,83,0,,7,,,,
Mozambique,MOZ,2013,39,90,8,56,,43,,,,,,73,0,,8,,,,
Mozambique,MOZ,2015,91,95,0,100,,71,,,,,,80,100,,15,,,,
Mozambique,MOZ,2017,96,90,31,78,,86,,,,,,83,100,,54,,,,
Mozambique,MOZ,2018,,,,,40,,40,40,47,60,50,,,47,,80,40,60,60
Myanmar,MMR,2010,70,88,71,76,,90,,,,,,66,100,,33,,,,
Myanmar,MMR,2011,60,95,83,100,,100,,,,,,100,100,,92,,,,
Myanmar,MMR,2012,70,100,38,100,,100,,,,,,90,75,,7,,,,
Myanmar,MMR,2013,70,100,46,100,,100,,,,,,73,100,,8,,,,
Myanmar,MMR,2014,70,100,46,100,,100,,,,,,73,100,,8,,,,
Myanmar,MMR,2015,90,100,38,100,,100,,,,,,90,100,,8,,,,
Myanmar,MMR,2016,70,100,38,100,,100,,,,,,90,100,,8,,,,
Myanmar,MMR,2017,80,95,54,89,,57,,,,,,47,100,,54,,,,
Myanmar,MMR,2018,,,,,60,,80,53,60,80,70,,,67,,60,80,60,40
Namibia,NAM,2014,91,100,23,67,,100,,,,,,73,75,,46,,,,
Namibia,NAM,2016,100,90,46,100,,57,,,,,,90,100,,62,,,,
Namibia,NAM,2017,100,90,54,100,,71,,,,,,90,100,,0,,,,
Namibia,NAM,2018,,,,,40,,40,60,20,80,60,,,33,,20,40,20,60
Nauru,NRU,2010,26,32,0,0,,40,,,,,,73,100,,0,,,,
Nauru,NRU,2014,51,90,0,78,,14,,,,,,46,50,,0,,,,
Nauru,NRU,2018,,,,,20,,0,7,0,20,50,,,47,,20,40,20,80
Nepal,NPL,2010,88,40,7,46,,80,,,,,,75,75,,6,,,,
Nepal,NPL,2011,60,40,83,67,,29,,,,,,66,75,,17,,,,
Nepal,NPL,2012,60,35,0,44,,29,,,,,,66,75,,0,,,,
Nepal,NPL,2013,100,70,31,100,,83,,,,,,73,75,,8,,,,
Nepal,NPL,2014,91,90,8,100,,86,,,,,,100,100,,8,,,,
Nepal,NPL,2015,100,95,8,100,,86,,,,,,100,100,,8,,,,
Nepal,NPL,2016,100,95,8,100,,86,,,,,,100,100,,8,,,,
Nepal,NPL,2017,69,25,0,33,,29,,,,,,10,0,,0,,,,
Nepal,NPL,2018,,,,,20,,0,27,40,20,20,,,20,,20,0,40,20
Netherlands,NLD,2011,90,100,17,89,,86,,,,,,100,100,,8,,,,
Netherlands,NLD,2012,86,100,100,89,,86,,,,,,100,100,,100,,,,
Netherlands,NLD,2013,96,100,100,100,,100,,,,,,100,100,,100,,,,
Netherlands,NLD,2014,96,100,100,78,,86,,,,,,100,100,,100,,,,
Netherlands,NLD,2015,96,100,100,100,,100,,,,,,100,100,,92,,,,
Netherlands,NLD,2016,96,100,100,100,,100,,,,,,100,100,,92,,,,
Netherlands,NLD,2017,96,100,100,100,,100,,,,,,100,100,,92,,,,
Netherlands,NLD,2018,,,,,60,,100,93,93,100,100,,,93,,80,80,100,80
New Zealand,NZL,2010,92,80,92,92,,100,,,,,,83,75,,100,,,,
New Zealand,NZL,2011,90,90,83,100,,100,,,,,,100,100,,92,,,,
New Zealand,NZL,2012,86,100,85,100,,100,,,,,,90,100,,86,,,,
New Zealand,NZL,2013,91,100,100,100,,100,,,,,,100,100,,100,,,,
New Zealand,NZL,2014,96,100,100,89,,100,,,,,,100,100,,100,,,,
New Zealand,NZL,2015,86,100,92,100,,100,,,,,,100,100,,100,,,,
New Zealand,NZL,2016,86,70,100,100,,100,,,,,,100,100,,100,,,,
New Zealand,NZL,2017,100,80,100,100,,100,,,,,,100,100,,100,,,,
New Zealand,NZL,2018,,,,,100,,80,87,100,60,100,,,93,,100,100,80,100
Nicaragua,NIC,2011,90,90,92,100,,71,,,,,,73,25,,67,,,,
Nicaragua,NIC,2012,81,95,92,100,,100,,,,,,100,25,,71,,,,
Nicaragua,NIC,2013,86,100,92,100,,100,,,,,,83,100,,100,,,,
Nicaragua,NIC,2014,86,100,92,100,,100,,,,,,83,100,,100,,,,
Nicaragua,NIC,2015,86,100,0,100,,100,,,,,,83,100,,0,,,,
Nicaragua,NIC,2016,86,100,92,100,,100,,,,,,83,75,,100,,,,
Nicaragua,NIC,2017,90,100,92,100,,100,,,,,,83,75,,100,,,,
Nicaragua,NIC,2018,,,,,80,,100,100,73,60,30,,,73,,80,60,60,80
Niger,NER,2013,96,68,77,100,,100,,,,,,36,100,,100,,,,
Niger,NER,2015,90,95,15,89,,100,,,,,,83,100,,23,,,,
Niger,NER,2016,90,95,8,100,,100,,,,,,100,100,,23,,,,
Niger,NER,2017,70,85,15,100,,100,,,,,,83,100,,15,,,,
Niger,NER,2018,,,,,20,,20,20,47,80,60,,,33,,20,20,80,40
Nigeria,NGA,2011,20,70,8,78,,43,,,,,,50,25,,0,,,,
Nigeria,NGA,2012,63,65,15,56,,29,,,,,,20,0,,50,,,,
Nigeria,NGA,2013,61,75,54,67,,57,,,,,,83,25,,62,,,,
Nigeria,NGA,2014,67,80,8,78,,57,,,,,,100,50,,69,,,,
Nigeria,NGA,2015,91,100,77,56,,71,,,,,,83,50,,85,,,,
Nigeria,NGA,2016,82,95,62,89,,71,,,,,,67,50,,62,,,,
Nigeria,NGA,2017,73,85,38,56,,57,,,,,,83,50,,38,,,,
Nigeria,NGA,2018,,,,,40,,40,60,40,60,100,,,33,,40,20,60,80
Niue,NIU,2012,67,55,8,67,,57,,,,,,20,25,,0,,,,
Niue,NIU,2013,96,55,46,56,,100,,,,,,56,25,,0,,,,
Niue,NIU,2014,96,95,46,67,,100,,,,,,66,25,,0,,,,
Niue,NIU,2018,,,,,70,,60,53,67,80,80,,,67,,80,40,80,80
North Korea,PRK,2010,60,44,57,84,,50,,,,,,46,50,,60,,,,
North Korea,PRK,2011,70,40,17,44,,57,,,,,,20,25,,42,,,,
North Korea,PRK,2012,65,70,15,78,,71,,,,,,46,25,,86,,,,
North Korea,PRK,2013,79,95,31,78,,71,,,,,,80,100,,62,,,,
North Korea,PRK,2014,79,95,31,89,,71,,,,,,80,100,,62,,,,
North Korea,PRK,2015,83,95,31,89,,100,,,,,,70,100,,62,,,,
North Korea,PRK,2016,83,85,31,78,,100,,,,,,70,100,,69,,,,
North Korea,PRK,2017,92,100,31,78,,57,,,,,,70,100,,15,,,,
North Korea,PRK,2018,,,,,60,,40,60,80,60,40,,,67,,80,60,80,40
Norway,NOR,2012,100,95,85,100,,100,,,,,,100,100,,93,,,,
Norway,NOR,2013,100,100,85,100,,100,,,,,,100,100,,92,,,,
Norway,NOR,2014,100,100,85,100,,100,,,,,,100,100,,92,,,,
Norway,NOR,2015,100,100,85,100,,100,,,,,,100,100,,92,,,,
Norway,NOR,2016,100,100,85,100,,100,,,,,,100,100,,92,,,,
Norway,NOR,2017,100,100,92,100,,100,,,,,,100,100,,100,,,,
Norway,NOR,2018,,,,,60,,80,100,93,100,100,,,100,,100,80,100,100
Oman,OMN,2010,88,60,100,100,,80,,,,,,63,75,,60,,,,
Oman,OMN,2011,100,100,92,100,,100,,,,,,100,100,,83,,,,
Oman,OMN,2012,96,95,54,100,,86,,,,,,100,100,,71,,,,
Oman,OMN,2013,100,90,46,100,,100,,,,,,100,100,,46,,,,
Oman,OMN,2014,81,90,38,100,,100,,,,,,100,100,,31,,,,
Oman,OMN,2015,100,100,100,100,,100,,,,,,100,100,,54,,,,
Oman,OMN,2016,100,100,92,100,,100,,,,,,100,100,,54,,,,
Oman,OMN,2017,100,90,69,100,,100,,,,,,100,100,,31,,,,
Oman,OMN,2018,,,,,100,,100,100,100,100,100,,,100,,100,100,100,100
Pakistan,PAK,2010,18,7,0,15,,20,,,,,,38,50,,93,,,,
Pakistan,PAK,2012,29,45,23,56,,0,,,,,,30,75,,0,,,,
Pakistan,PAK,2013,71,55,23,56,,29,,,,,,46,75,,0,,,,
Pakistan,PAK,2014,47,45,23,56,,29,,,,,,56,75,,46,,,,
Pakistan,PAK,2016,58,70,23,56,,29,,,,,,100,75,,46,,,,
Pakistan,PAK,2017,68,70,23,67,,29,,,,,,100,75,,46,,,,
Pakistan,PAK,2018,,,,,40,,100,27,47,60,80,,,33,,20,40,60,40
Palau,PLW,2010,14,19,50,76,,80,,,,,,71,50,,0,,,,
Palau,PLW,2011,40,90,83,100,,100,,,,,,63,75,,67,,,,
Palau,PLW,2012,96,100,100,100,,100,,,,,,70,100,,57,,,,
Palau,PLW,2013,76,75,100,89,,100,,,,,,53,100,,62,,,,
Palau,PLW,2014,80,100,92,100,,100,,,,,,100,100,,38,,,,
Palau,PLW,2015,63,100,92,100,,100,,,,,,100,100,,38,,,,
Palau,PLW,2016,73,100,92,100,,100,,,,,,100,100,,38,,,,
Palau,PLW,2017,73,100,92,100,,100,,,,,,100,100,,38,,,,
Palau,PLW,2018,,,,,70,,20,47,87,20,60,,,67,,80,20,80,80
Panama,PAN,2011,80,65,8,89,,86,,,,,,83,100,,8,,,,
Panama,PAN,2012,96,90,54,100,,43,,,,,,73,100,,43,,,,
Panama,PAN,2013,96,95,23,89,,71,,,,,,83,75,,38,,,,
Panama,PAN,2014,96,95,15,89,,71,,,,,,100,75,,31,,,,
Panama,PAN,2015,96,95,15,89,,71,,,,,,100,75,,31,,,,
Panama,PAN,2016,86,100,15,100,,71,,,,,,100,75,,62,,,,
Panama,PAN,2017,96,100,15,100,,71,,,,,,100,100,,62,,,,
Panama,PAN,2018,,,,,60,,60,53,80,80,80,,,73,,40,80,80,80
Papua New Guinea,PNG,2011,60,45,33,100,,86,,,,,,40,0,,25,,,,
Papua New Guinea,PNG,2012,66,80,0,44,,86,,,,,,73,0,,0,,,,
Papua New Guinea,PNG,2013,61,80,8,100,,86,,,,,,73,25,,0,,,,
Papua New Guinea,PNG,2014,66,80,8,100,,100,,,,,,90,75,,0,,,,
Papua New Guinea,PNG,2018,,,,,30,,20,20,40,20,70,,,20,,20,20,60,20
Paraguay,PRY,2011,100,100,58,100,,100,,,,,,80,100,,67,,,,
Paraguay,PRY,2012,96,55,46,33,,100,,,,,,80,50,,71,,,,
Paraguay,PRY,2013,100,70,69,67,,100,,,,,,90,100,,77,,,,
Paraguay,PRY,2015,76,95,69,89,,100,,,,,,100,100,,92,,,,
Paraguay,PRY,2016,76,85,38,89,,100,,,,,,100,100,,77,,,,
Paraguay,PRY,2017,76,85,38,78,,100,,,,,,100,100,,69,,,,
Paraguay,PRY,2018,,,,,60,,20,40,40,80,90,,,47,,80,60,80,80
Peru,PER,2012,77,100,8,78,,57,,,,,,50,100,,0,,,,
Peru,PER,2013,87,95,31,100,,100,,,,,,56,100,,69,,,,
Peru,PER,2014,100,100,46,100,,100,,,,,,83,100,,85,,,,
Peru,PER,2015,100,100,69,100,,100,,,,,,100,100,,100,,,,
Peru,PER,2016,90,90,31,100,,57,,,,,,80,25,,100,,,,
Peru,PER,2017,100,100,8,100,,71,,,,,,100,50,,92,,,,
Peru,PER,2018,,,,,40,,100,53,60,60,50,,,33,,40,80,40,40
Philippines,PHL,2010,80,88,21,76,,90,,,,,,48,0,,20,,,,
Philippines,PHL,2011,90,100,75,67,,86,,,,,,80,0,,50,,,,
Philippines,PHL,2012,57,100,100,33,,86,,,,,,100,25,,93,,,,
Philippines,PHL,2013,57,100,100,33,,86,,,,,,100,25,,92,,,,
Philippines,PHL,2014,90,90,85,89,,86,,,,,,73,100,,100,,,,
Philippines,PHL,2015,100,95,77,89,,100,,,,,,80,100,,69,,,,
Philippines,PHL,2016,100,95,77,89,,100,,,,,,90,100,,77,,,,
Philippines,PHL,2017,100,90,85,89,,100,,,,,,90,100,,77,,,,
Poland,POL,2010,94,84,35,84,,70,,,,,,48,50,,100,,,,
Poland,POL,2011,100,95,58,100,,43,,,,,,100,50,,83,,,,
Poland,POL,2012,100,95,62,100,,43,,,,,,100,50,,100,,,,
Poland,POL,2013,100,100,67,88,,100,,,,,,100,50,,100,,,,
Poland,POL,2014,100,95,62,78,,43,,,,,,100,50,,100,,,,
Poland,POL,2016,100,95,62,78,,43,,,,,,100,50,,100,,,,
Poland,POL,2017,100,95,62,78,,43,,,,,,100,50,,100,,,,
Portugal,PRT,2011,100,100,50,100,,100,,,,,,100,100,,83,,,,
Portugal,PRT,2014,96,100,85,89,,100,,,,,,100,100,,85,,,,
Portugal,PRT,2015,100,100,85,100,,100,,,,,,100,100,,92,,,,
Portugal,PRT,2016,96,95,85,100,,100,,,,,,100,100,,100,,,,
Portugal,PRT,2017,100,95,100,89,,86,,,,,,100,100,,92,,,,
Portugal,PRT,2018,,,,,80,,40,87,80,20,100,,,93,,80,80,80,80
Qatar,QAT,2010,94,55,78,76,,90,,,,,,35,50,,86,,,,
Qatar,QAT,2011,80,85,83,89,,86,,,,,,100,100,,92,,,,
Qatar,QAT,2012,90,95,77,89,,86,,,,,,83,100,,86,,,,
Qatar,QAT,2013,100,100,85,89,,100,,,,,,90,100,,100,,,,
Qatar,QAT,2014,100,90,85,89,,100,,,,,,100,100,,100,,,,
Qatar,QAT,2017,96,75,46,100,,57,,,,,,100,100,,92,,,,
Qatar,QAT,2018,,,,,50,,80,87,100,100,80,,,100,,80,60,100,100
Romania,ROU,2010,83,73,57,84,,50,,,,,,75,50,,100,,,,
Romania,ROU,2011,80,80,50,89,,57,,,,,,83,50,,92,,,,
Romania,ROU,2013,76,80,85,89,,71,,,,,,46,50,,92,,,,
Romania,ROU,2014,76,80,85,89,,71,,,,,,66,75,,92,,,,
Romania,ROU,2015,76,80,92,89,,71,,,,,,83,75,,100,,,,
Romania,ROU,2016,76,80,77,89,,71,,,,,,83,75,,100,,,,
Romania,ROU,2017,76,80,77,89,,71,,,,,,83,75,,85,,,,
Romania,ROU,2018,,,,,40,,100,80,100,20,80,,,80,,100,40,60,80
Russia,RUS,2010,100,92,85,92,,100,,,,,,91,100,,100,,,,
Russia,RUS,2011,100,100,100,100,,100,,,,,,100,100,,100,,,,
Russia,RUS,2014,66,100,92,100,,100,,,,,,90,100,,77,,,,
Russia,RUS,2015,66,100,92,100,,100,,,,,,90,100,,77,,,,
Russia,RUS,2016,100,95,100,100,,100,,,,,,100,100,,100,,,,
Russia,RUS,2018,,,,,100,,100,100,100,100,100,,,100,,100,100,100,100
Rwanda,RWA,2013,96,80,8,44,,57,,,,,,16,0,,0,,,,
Rwanda,RWA,2014,100,85,8,44,,71,,,,,,26,25,,8,,,,
Rwanda,RWA,2015,96,90,8,56,,71,,,,,,10,0,,8,,,,
Rwanda,RWA,2017,96,80,54,100,,43,,,,,,73,25,,38,,,,
Rwanda,RWA,2018,,,,,40,,40,93,40,80,90,,,67,,100,40,40,80
Saint Kitts and Nevis,KNA,2012,59,60,31,78,,29,,,,,,66,100,,14,,,,
Saint Kitts and Nevis,KNA,2013,81,80,8,100,,57,,,,,,83,50,,0,,,,
Saint Kitts and Nevis,KNA,2015,87,80,0,67,,86,,,,,,100,100,,0,,,,
Saint Kitts and Nevis,KNA,2017,92,45,15,67,,100,,,,,,20,0,,23,,,,
Saint Kitts and Nevis,KNA,2018,,,,,30,,20,7,47,60,70,,,60,,40,40,40,80
Saint Lucia,LCA,2010,14,65,14,38,,80,,,,,,40,0,,0,,,,
Saint Lucia,LCA,2011,50,80,0,78,,29,,,,,,73,0,,0,,,,
Saint Lucia,LCA,2012,43,80,15,67,,29,,,,,,73,0,,0,,,,
Saint Lucia,LCA,2014,73,65,23,89,,86,,,,,,20,25,,0,,,,
Saint Lucia,LCA,2015,83,70,23,89,,86,,,,,,56,75,,0,,,,
Saint Lucia,LCA,2016,96,80,23,89,,100,,,,,,100,75,,8,,,,
Saint Lucia,LCA,2018,,,,,80,,0,47,47,80,90,,,47,,60,40,80,80
Saint Vincent and the Grenadines,VCT,2012,81,75,0,100,,0,,,,,,46,0,,0,,,,
Saint Vincent and the Grenadines,VCT,2013,81,80,8,100,,57,,,,,,83,50,,0,,,,
Saint Vincent and the Grenadines,VCT,2014,35,80,8,100,,43,,,,,,73,75,,0,,,,
Saint Vincent and the Grenadines,VCT,2015,0,80,0,0,,43,,,,,,63,75,,0,,,,
Saint Vincent and the Grenadines,VCT,2016,76,70,8,100,,71,,,,,,67,100,,0,,,,
Saint Vincent and the Grenadines,VCT,2018,,,,,30,,20,40,20,20,70,,,47,,20,20,80,80
Samoa,WSM,2011,80,95,42,100,,29,,,,,,80,100,,8,,,,
Samoa,WSM,2012,56,70,0,67,,86,,,,,,90,75,,7,,,,
Samoa,WSM,2013,53,75,23,100,,100,,,,,,100,75,,15,,,,
Samoa,WSM,2014,100,95,54,78,,71,,,,,,100,75,,31,,,,
Samoa,WSM,2015,77,100,46,56,,86,,,,,,100,100,,0,,,,
Samoa,WSM,2018,,,,,60,,20,100,80,20,70,,,80,,80,80,80,100
San Marino,SMR,2010,81,3,14,92,,20,,,,,,61,100,,13,,,,
San Marino,SMR,2017,69,25,100,100,,43,,,,,,37,50,,100,,,,
San Marino,SMR,2018,,,,,0,,20,20,27,20,40,,,53,,40,20,60,40
Sao Tome and Principe,STP,2010,28,44,7,61,,20,,,,,,38,0,,0,,,,
Sao Tome and Principe,STP,2011,30,70,0,33,,14,,,,,,73,0,,0,,,,
Sao Tome and Principe,STP,2012,22,55,0,56,,14,,,,,,36,0,,0,,,,
Sao Tome and Principe,STP,2013,36,40,0,22,,14,,,,,,46,0,,0,,,,
Sao Tome and Principe,STP,2014,36,40,0,22,,14,,,,,,46,0,,0,,,,
Sao Tome and Principe,STP,2015,36,40,0,22,,14,,,,,,46,0,,0,,,,
Sao Tome and Principe,STP,2016,37,40,0,22,,14,,,,,,47,0,,0,,,,
Sao Tome and Principe,STP,2017,33,40,0,22,,14,,,,,,47,0,,0,,,,
Sao Tome and Principe,STP,2018,,,,,40,,0,40,7,60,50,,,53,,80,40,80,0
Saudi Arabia,SAU,2010,100,80,92,100,,70,,,,,,100,100,,66,,,,
Saudi Arabia,SAU,2011,100,100,100,100,,57,,,,,,100,100,,100,,,,
Saudi Arabia,SAU,2012,100,90,100,100,,100,,,,,,100,100,,100,,,,
Saudi Arabia,SAU,2013,100,100,100,100,,100,,,,,,100,100,,100,,,,
Saudi Arabia,SAU,2014,100,95,100,100,,100,,,,,,100,100,,92,,,,
Saudi Arabia,SAU,2016,100,100,100,100,,100,,,,,,100,100,,92,,,,
Saudi Arabia,SAU,2017,100,95,100,100,,100,,,,,,100,100,,92,,,,
Saudi Arabia,SAU,2018,,,,,70,,80,73,80,40,70,,,60,,80,80,80,80
Senegal,SEN,2011,50,65,33,22,,29,,,,,,53,0,,8,,,,
Senegal,SEN,2012,66,70,31,22,,0,,,,,,53,0,,7,,,,
Senegal,SEN,2017,43,50,69,56,,43,,,,,,10,50,,69,,,,
Senegal,SEN,2018,,,,,20,,40,60,53,60,70,,,40,,20,40,40,40
Serbia,SRB,2011,0,30,0,11,,0,,,,,,10,25,,0,,,,
Serbia,SRB,2014,59,85,46,56,,43,,,,,,30,75,,69,,,,
Serbia,SRB,2016,55,30,23,100,,43,,,,,,20,25,,38,,,,
Serbia,SRB,2017,55,40,62,100,,43,,,,,,20,25,,38,,,,
Serbia,SRB,2018,,,,,0,,60,87,80,80,80,,,73,,80,80,80,80
Seychelles,SYC,2010,21,41,0,30,,10,,,,,,30,0,,6,,,,
Seychelles,SYC,2011,100,55,50,78,,29,,,,,,20,0,,17,,,,
Seychelles,SYC,2012,86,95,46,78,,0,,,,,,20,0,,21,,,,
Seychelles,SYC,2013,96,95,54,100,,43,,,,,,73,0,,0,,,,
Seychelles,SYC,2014,96,100,54,100,,100,,,,,,100,0,,31,,,,
Seychelles,SYC,2015,91,100,69,100,,100,,,,,,100,75,,23,,,,
Seychelles,SYC,2016,96,100,92,100,,100,,,,,,100,100,,46,,,,
Seychelles,SYC,2017,100,100,92,100,,100,,,,,,100,100,,23,,,,
Seychelles,SYC,2018,,,,,40,,20,73,20,60,20,,,53,,60,20,20,80
Sierra Leone,SLE,2010,14,65,0,7,,20,,,,,,58,50,,0,,,,
Sierra Leone,SLE,2011,90,85,17,89,,57,,,,,,73,25,,50,,,,
Sierra Leone,SLE,2013,96,90,23,78,,86,,,,,,53,50,,38,,,,
Sierra Leone,SLE,2014,100,95,15,100,,100,,,,,,70,75,,38,,,,
Sierra Leone,SLE,2016,39,85,69,44,,43,,,,,,27,75,,69,,,,
Sierra Leone,SLE,2017,76,90,46,100,,100,,,,,,100,100,,54,,,,
Sierra Leone,SLE,2018,,,,,40,,20,33,53,20,50,,,33,,80,20,20,20
Singapore,SGP,2010,100,100,100,76,,100,,,,,,100,100,,86,,,,
Singapore,SGP,2011,100,100,100,100,,100,,,,,,100,100,,92,,,,
Singapore,SGP,2012,100,100,100,100,,100,,,,,,100,100,,86,,,,
Singapore,SGP,2013,100,100,100,100,,100,,,,,,100,100,,92,,,,
Singapore,SGP,2014,100,100,100,100,,100,,,,,,100,100,,92,,,,
Singapore,SGP,2015,100,100,100,100,,100,,,,,,100,100,,92,,,,
Singapore,SGP,2016,100,100,100,100,,100,,,,,,100,100,,92,,,,
Singapore,SGP,2017,100,100,100,100,,100,,,,,,100,100,,92,,,,
Singapore,SGP,2018,,,,,90,,80,100,80,80,100,,,93,,100,80,100,80
Slovakia,SVK,2010,74,60,85,76,,10,,,,,,71,75,,86,,,,
Slovakia,SVK,2011,80,90,58,100,,71,,,,,,100,100,,75,,,,
Slovakia,SVK,2012,86,100,77,89,,100,,,,,,100,100,,50,,,,
Slovakia,SVK,2013,100,100,83,100,,100,,,,,,100,100,,92,,,,
Slovakia,SVK,2014,100,100,100,78,,86,,,,,,100,100,,77,,,,
Slovakia,SVK,2015,100,100,92,100,,86,,,,,,100,100,,77,,,,
Slovakia,SVK,2016,100,100,100,100,,57,,,,,,100,100,,85,,,,
Slovakia,SVK,2017,100,100,100,100,,57,,,,,,100,100,,85,,,,
Slovakia,SVK,2018,,,,,80,,60,100,80,60,70,,,67,,60,60,60,60
Slovenia,SVN,2010,92,56,78,84,,70,,,,,,40,75,,93,,,,
Slovenia,SVN,2011,90,85,75,89,,57,,,,,,20,100,,58,,,,
Slovenia,SVN,2012,43,85,69,100,,14,,,,,,30,100,,64,,,,
Slovenia,SVN,2013,41,72,100,100,,0,,,,,,20,100,,82,,,,
Slovenia,SVN,2014,47,95,69,100,,43,,,,,,53,100,,77,,,,
Slovenia,SVN,2015,87,75,69,89,,57,,,,,,73,100,,77,,,,
Slovenia,SVN,2016,88,80,69,78,,57,,,,,,73,100,,77,,,,
Slovenia,SVN,2017,96,80,69,100,,57,,,,,,90,100,,77,,,,
Slovenia,SVN,2018,,,,,70,,100,87,80,80,90,,,87,,60,80,60,100
Solomon Islands,SLB,2012,57,75,0,44,,43,,,,,,63,0,,21,,,,
Solomon Islands,SLB,2013,66,80,15,67,,71,,,,,,90,0,,31,,,,
Solomon Islands,SLB,2014,90,85,15,56,,86,,,,,,56,25,,31,,,,
Solomon Islands,SLB,2015,90,85,15,56,,86,,,,,,56,25,,31,,,,
Solomon Islands,SLB,2017,90,85,15,56,,86,,,,,,57,25,,31,,,,
Solomon Islands,SLB,2018,,,,,20,,20,33,33,20,50,,,33,,20,40,40,20
Somalia,SOM,2013,29,70,0,22,,14,,,,,,10,0,,8,,,,
Somalia,SOM,2014,0,65,0,0,,0,,,,,,10,0,,0,,,,
Somalia,SOM,2017,63,95,0,89,,14,,,,,,27,25,,0,,,,
Somalia,SOM,2018,,,,,20,,20,20,20,60,50,,,53,,20,20,20,20
South Africa,ZAF,2010,94,68,14,92,,90,,,,,,83,75,,20,,,,
South Africa,ZAF,2011,90,90,92,100,,71,,,,,,73,100,,83,,,,
South Africa,ZAF,2012,90,50,92,100,,100,,,,,,73,75,,93,,,,
South Africa,ZAF,2013,91,80,77,100,,100,,,,,,73,75,,77,,,,
South Africa,ZAF,2014,100,100,100,100,,100,,,,,,100,100,,100,,,,
South Africa,ZAF,2015,100,100,100,100,,100,,,,,,100,100,,100,,,,
South Africa,ZAF,2017,90,85,100,100,,100,,,,,,100,100,,100,,,,
South Africa,ZAF,2018,,,,,60,,80,80,40,100,50,,,53,,20,80,60,80
South Korea,KOR,2010,87,84,42,69,,80,,,,,,73,50,,66,,,,
South Korea,KOR,2012,100,100,100,100,,100,,,,,,100,100,,100,,,,
South Korea,KOR,2013,100,100,100,100,,100,,,,,,100,100,,100,,,,
South Korea,KOR,2014,96,100,100,100,,100,,,,,,100,100,,100,,,,
South Korea,KOR,2017,100,100,100,100,,100,,,,,,90,100,,100,,,,
South Korea,KOR,2018,,,,,90,,100,93,100,100,80,,,100,,80,80,100,100
South Sudan,SSD,2013,29,75,0,0,,71,,,,,,46,100,,0,,,,
South Sudan,SSD,2014,37,75,0,0,,71,,,,,,63,100,,0,,,,
South Sudan,SSD,2015,51,75,0,0,,57,,,,,,80,75,,0,,,,
South Sudan,SSD,2017,66,80,0,78,,29,,,,,,57,0,,0,,,,
South Sudan,SSD,2018,,,,,30,,20,20,40,60,40,,,47,,40,20,40,20
Spain,ESP,2010,81,88,14,61,,60,,,,,,50,0,,0,,,,
Spain,ESP,2011,100,85,50,100,,43,,,,,,40,0,,75,,,,
Spain,ESP,2012,81,95,92,100,,43,,,,,,83,100,,100,,,,
Spain,ESP,2013,76,95,0,0,,57,,,,,,83,100,,0,,,,
Spain,ESP,2014,86,100,69,100,,86,,,,,,100,100,,100,,,,
Spain,ESP,2015,86,95,77,100,,86,,,,,,100,100,,100,,,,
Spain,ESP,2016,100,100,92,100,,86,,,,,,100,100,,100,,,,
Spain,ESP,2017,100,100,92,100,,86,,,,,,100,100,,100,,,,
Spain,ESP,2018,,,,,80,,80,93,87,80,100,,,100,,60,80,80,80
Sri Lanka,LKA,2010,66,75,0,92,,80,,,,,,50,75,,0,,,,
Sri Lanka,LKA,2011,80,100,8,100,,57,,,,,,10,100,,0,,,,
Sri Lanka,LKA,2012,71,100,23,100,,86,,,,,,63,100,,14,,,,
Sri Lanka,LKA,2013,41,85,23,100,,86,,,,,,63,100,,15,,,,
Sri Lanka,LKA,2014,81,80,15,100,,86,,,,,,90,75,,15,,,,
Sri Lanka,LKA,2015,86,80,23,100,,71,,,,,,100,75,,15,,,,
Sri Lanka,LKA,2016,86,95,46,100,,86,,,,,,100,100,,54,,,,
Sri Lanka,LKA,2017,58,95,62,56,,57,,,,,,100,100,,62,,,,
Sri Lanka,LKA,2018,,,,,50,,40,60,33,20,40,,,47,,60,40,60,20
Sudan,SDN,2010,73,52,14,46,,20,,,,,,48,75,,40,,,,
Sudan,SDN,2011,50,55,17,67,,0,,,,,,46,0,,33,,,,
Sudan,SDN,2012,49,85,15,100,,14,,,,,,56,0,,50,,,,
Sudan,SDN,2013,50,90,46,100,,57,,,,,,100,50,,38,,,,
Sudan,SDN,2014,61,80,54,100,,71,,,,,,100,50,,62,,,,
Sudan,SDN,2017,51,95,46,100,,71,,,,,,100,50,,54,,,,
Sudan,SDN,2018,,,,,30,,40,60,93,80,90,,,53,,80,40,60,80
Suriname,SUR,2011,90,25,33,89,,29,,,,,,66,50,,8,,,,
Suriname,SUR,2012,90,35,54,56,,43,,,,,,66,50,,0,,,,
Suriname,SUR,2013,100,85,62,67,,43,,,,,,83,50,,0,,,,
Suriname,SUR,2014,100,90,62,67,,71,,,,,,83,50,,0,,,,
Suriname,SUR,2015,86,90,62,67,,71,,,,,,83,50,,0,,,,
Suriname,SUR,2016,86,90,62,78,,71,,,,,,83,50,,0,,,,
Suriname,SUR,2017,86,90,54,100,,86,,,,,,83,50,,0,,,,
Suriname,SUR,2018,,,,,100,,20,80,87,80,90,,,53,,80,40,80,80
Swaziland,SWZ,2010,52,48,14,84,,80,,,,,,56,25,,0,,,,
Swaziland,SWZ,2011,80,90,17,67,,57,,,,,,53,50,,8,,,,
Swaziland,SWZ,2012,56,95,15,67,,57,,,,,,26,0,,7,,,,
Swaziland,SWZ,2013,67,65,8,56,,86,,,,,,36,0,,8,,,,
Swaziland,SWZ,2014,90,80,31,89,,57,,,,,,36,100,,8,,,,
Swaziland,SWZ,2015,100,55,15,78,,57,,,,,,46,50,,8,,,,
Swaziland,SWZ,2017,100,95,54,100,,71,,,,,,100,100,,0,,,,
Swaziland,SWZ,2018,,,,,30,,20,40,33,20,30,,,33,,40,60,40,40
Sweden,SWE,2010,92,87,78,84,,90,,,,,,83,100,,100,,,,
Sweden,SWE,2011,100,95,100,100,,100,,,,,,100,100,,100,,,,
Sweden,SWE,2012,100,95,100,100,,100,,,,,,100,100,,100,,,,
Sweden,SWE,2013,96,95,85,100,,100,,,,,,73,100,,92,,,,
Sweden,SWE,2014,96,95,85,100,,100,,,,,,73,100,,92,,,,
Sweden,SWE,2015,96,95,85,100,,100,,,,,,73,100,,92,,,,
Sweden,SWE,2016,96,95,92,100,,100,,,,,,73,100,,92,,,,
Sweden,SWE,2017,96,95,92,100,,100,,,,,,73,100,,92,,,,
Sweden,SWE,2018,,,,,100,,100,100,80,100,100,,,93,,80,80,80,80
Switzerland,CHE,2010,100,80,92,76,,90,,,,,,66,100,,80,,,,
Switzerland,CHE,2011,100,75,100,100,,71,,,,,,100,100,,83,,,,
Switzerland,CHE,2012,100,90,100,100,,86,,,,,,100,100,,100,,,,
Switzerland,CHE,2013,80,90,100,100,,86,,,,,,100,100,,100,,,,
Switzerland,CHE,2014,80,90,100,100,,100,,,,,,100,100,,100,,,,
Switzerland,CHE,2015,100,90,100,100,,86,,,,,,100,100,,100,,,,
Switzerland,CHE,2016,100,95,100,100,,86,,,,,,100,100,,100,,,,
Switzerland,CHE,2017,100,90,100,100,,86,,,,,,100,100,,100,,,,
Syria,SYR,2010,88,48,71,69,,60,,,,,,20,50,,0,,,,
Syria,SYR,2011,80,50,67,56,,57,,,,,,36,50,,0,,,,
Syria,SYR,2012,96,70,46,67,,29,,,,,,53,50,,71,,,,
Syria,SYR,2013,90,85,46,67,,43,,,,,,53,25,,85,,,,
Syria,SYR,2014,90,95,46,78,,43,,,,,,63,50,,85,,,,
Syria,SYR,2017,90,50,38,100,,43,,,,,,43,50,,69,,,,
Syria,SYR,2018,,,,,80,,80,80,53,80,90,,,80,,80,80,80,40
Tajikistan,TJK,2011,30,95,83,100,,100,,,,,,100,100,,92,,,,
Tajikistan,TJK,2012,34,95,77,100,,100,,,,,,90,100,,79,,,,
Tajikistan,TJK,2014,96,85,100,100,,100,,,,,,100,100,,100,,,,
Tajikistan,TJK,2015,91,90,92,100,,100,,,,,,100,50,,100,,,,
Tajikistan,TJK,2018,,,,,30,,60,53,80,80,40,,,60,,60,40,60,60
Tanzania,TZA,2011,60,45,17,67,,43,,,,,,20,50,,42,,,,
Tanzania,TZA,2012,53,50,31,67,,57,,,,,,20,50,,50,,,,
Tanzania,TZA,2013,69,75,69,56,,57,,,,,,40,50,,54,,,,
Tanzania,TZA,2014,77,80,69,56,,57,,,,,,66,50,,54,,,,
Tanzania,TZA,2015,69,75,69,56,,57,,,,,,57,75,,62,,,,
Tanzania,TZA,2017,78,45,62,78,,71,,,,,,80,75,,62,,,,
Tanzania,TZA,2018,,,,,40,,40,53,47,60,60,,,40,,60,40,20,60
Thailand,THA,2010,83,52,57,61,,50,,,,,,100,50,,6,,,,
Thailand,THA,2011,100,85,92,89,,100,,,,,,100,100,,58,,,,
Thailand,THA,2012,100,85,31,89,,71,,,,,,90,100,,64,,,,
Thailand,THA,2013,96,85,100,100,,86,,,,,,100,100,,85,,,,
Thailand,THA,2014,100,85,100,100,,100,,,,,,90,100,,100,,,,
Thailand,THA,2016,100,85,100,100,,100,,,,,,90,100,,100,,,,
Thailand,THA,2017,100,85,100,100,,100,,,,,,80,100,,100,,,,
Thailand,THA,2018,,,,,70,,80,53,60,100,90,,,87,,100,80,80,80
Timor,TLS,2010,39,52,0,61,,50,,,,,,26,50,,0,,,,
Timor,TLS,2011,40,40,0,78,,57,,,,,,30,25,,0,,,,
Timor,TLS,2012,37,50,0,67,,57,,,,,,46,50,,0,,,,
Timor,TLS,2013,41,70,31,78,,57,,,,,,63,50,,0,,,,
Timor,TLS,2014,96,85,54,78,,100,,,,,,70,75,,0,,,,
Timor,TLS,2015,100,90,54,78,,100,,,,,,70,75,,0,,,,
Timor,TLS,2016,100,90,54,78,,100,,,,,,70,75,,0,,,,
Timor,TLS,2017,100,95,54,78,,100,,,,,,100,100,,0,,,,
Timor,TLS,2018,,,,,80,,20,60,27,20,70,,,53,,60,20,20,40
Togo,TGO,2010,21,32,0,15,,0,,,,,,10,0,,0,,,,
Togo,TGO,2011,40,90,0,44,,0,,,,,,36,0,,0,,,,
Togo,TGO,2013,67,90,23,67,,0,,,,,,83,0,,8,,,,
Togo,TGO,2014,80,95,54,89,,14,,,,,,90,50,,23,,,,
Togo,TGO,2015,86,100,46,100,,57,,,,,,100,50,,23,,,,
Togo,TGO,2017,80,100,38,89,,86,,,,,,83,50,,23,,,,
Togo,TGO,2018,,,,,40,,20,27,40,20,30,,,20,,20,20,20,40
Tonga,TON,2010,39,68,14,92,,90,,,,,,100,100,,13,,,,
Tonga,TON,2011,50,80,8,100,,86,,,,,,83,25,,0,,,,
Tonga,TON,2012,25,65,8,100,,71,,,,,,100,100,,0,,,,
Tonga,TON,2013,96,100,8,100,,100,,,,,,100,100,,0,,,,
Tonga,TON,2018,,,,,20,,80,60,60,20,50,,,67,,80,0,40,80
Trinidad and Tobago,TTO,2010,45,43,35,69,,90,,,,,,83,50,,26,,,,
Trinidad and Tobago,TTO,2012,77,80,46,89,,71,,,,,,56,50,,57,,,,
Trinidad and Tobago,TTO,2013,81,95,54,89,,71,,,,,,40,50,,77,,,,
Trinidad and Tobago,TTO,2014,81,95,62,89,,71,,,,,,56,50,,77,,,,
Trinidad and Tobago,TTO,2015,81,95,62,89,,71,,,,,,56,50,,77,,,,
Trinidad and Tobago,TTO,2016,82,95,62,78,,86,,,,,,57,50,,77,,,,
Trinidad and Tobago,TTO,2017,78,70,69,78,,86,,,,,,63,50,,92,,,,
Trinidad and Tobago,TTO,2018,,,,,40,,20,53,40,20,100,,,80,,40,60,20,40
Tunisia,TUN,2011,70,75,67,89,,57,,,,,,90,75,,58,,,,
Tunisia,TUN,2012,49,85,31,89,,43,,,,,,100,75,,50,,,,
Tunisia,TUN,2013,39,90,77,89,,43,,,,,,80,75,,38,,,,
Tunisia,TUN,2014,47,95,77,89,,86,,,,,,80,75,,38,,,,
Tunisia,TUN,2016,62,100,62,78,,14,,,,,,63,75,,69,,,,
Tunisia,TUN,2017,53,85,54,89,,29,,,,,,47,75,,38,,,,
Tunisia,TUN,2018,,,,,60,,40,60,67,80,70,,,67,,60,60,60,60
Turkey,TUR,2010,76,15,50,53,,30,,,,,,40,75,,100,,,,
Turkey,TUR,2012,100,65,69,89,,57,,,,,,100,75,,100,,,,
Turkey,TUR,2014,96,60,69,89,,57,,,,,,73,75,,92,,,,
Turkey,TUR,2017,100,65,54,89,,86,,,,,,100,75,,100,,,,
Turkey,TUR,2018,,,,,90,,60,100,60,80,70,,,87,,40,60,60,60
Turkmenistan,TKM,2011,100,85,92,89,,43,,,,,,100,50,,50,,,,
Turkmenistan,TKM,2014,83,85,92,100,,57,,,,,,100,50,,69,,,,
Turkmenistan,TKM,2018,,,,,80,,40,60,73,100,70,,,67,,60,60,60,60
Tuvalu,TUV,2012,100,100,85,78,,100,,,,,,100,100,,57,,,,
Tuvalu,TUV,2013,100,60,82,78,,86,,,,,,83,100,,54,,,,
Tuvalu,TUV,2015,100,75,77,89,,86,,,,,,100,100,,54,,,,
Tuvalu,TUV,2017,69,85,38,11,,86,,,,,,83,50,,0,,,,
Tuvalu,TUV,2018,,,,,50,,0,80,93,20,30,,,67,,60,100,80,20
Uganda,UGA,2010,81,68,7,69,,70,,,,,,55,0,,0,,,,
Uganda,UGA,2011,60,65,58,89,,100,,,,,,100,50,,8,,,,
Uganda,UGA,2012,86,75,8,67,,71,,,,,,70,25,,0,,,,
Uganda,UGA,2013,100,80,38,100,,100,,,,,,100,100,,31,,,,
Uganda,UGA,2017,100,60,62,56,,71,,,,,,53,50,,69,,,,
Uganda,UGA,2018,,,,,20,,40,47,67,40,50,,,53,,0,80,80,20
Ukraine,UKR,2015,100,100,100,100,,100,,,,,,100,100,,92,,,,
Ukraine,UKR,2017,66,65,54,67,,0,,,,,,30,75,,69,,,,
Ukraine,UKR,2018,,,,,20,,80,100,60,80,90,,,53,,60,100,80,80
United Arab Emirates,ARE,2010,69,41,0,38,,50,,,,,,66,75,,46,,,,
United Arab Emirates,ARE,2011,40,70,58,67,,43,,,,,,63,50,,67,,,,
United Arab Emirates,ARE,2012,96,70,54,67,,43,,,,,,63,50,,93,,,,
United Arab Emirates,ARE,2013,100,90,100,100,,100,,,,,,100,75,,100,,,,
United Arab Emirates,ARE,2014,100,80,100,100,,100,,,,,,100,100,,100,,,,
United Arab Emirates,ARE,2015,100,80,100,100,,100,,,,,,100,100,,100,,,,
United Arab Emirates,ARE,2016,100,80,100,100,,100,,,,,,100,100,,100,,,,
United Arab Emirates,ARE,2017,100,90,100,100,,100,,,,,,100,100,,100,,,,
United Arab Emirates,ARE,2018,,,,,80,,100,100,100,100,100,,,100,,100,100,60,100
United Kingdom,GBR,2016,96,85,92,100,,100,,,,,,90,100,,100,,,,
United Kingdom,GBR,2017,96,90,92,100,,100,,,,,,90,100,,100,,,,
United Kingdom,GBR,2018,,,,,40,,100,100,100,100,90,,,100,,100,80,100,100
United States,USA,2010,77,96,92,61,,100,,,,,,75,75,,86,,,,
United States,USA,2011,50,100,92,78,,100,,,,,,100,75,,92,,,,
United States,USA,2012,60,100,100,100,,100,,,,,,100,100,,93,,,,
United States,USA,2013,50,100,100,100,,100,,,,,,100,100,,100,,,,
United States,USA,2014,60,100,100,100,,100,,,,,,100,100,,100,,,,
United States,USA,2015,60,100,100,100,,100,,,,,,100,100,,100,,,,
United States,USA,2016,60,100,100,100,,100,,,,,,100,100,,100,,,,
United States,USA,2017,100,100,100,100,,100,,,,,,100,100,,100,,,,
United States,USA,2018,,,,,90,,80,100,100,80,100,,,100,,100,80,60,100
Uruguay,URY,2013,71,100,69,100,,100,,,,,,83,100,,62,,,,
Uruguay,URY,2015,56,95,69,100,,100,,,,,,100,100,,62,,,,
Uruguay,URY,2016,60,95,69,100,,71,,,,,,100,100,,62,,,,
Uruguay,URY,2017,56,95,77,100,,100,,,,,,100,100,,62,,,,
Uruguay,URY,2018,,,,,80,,80,100,93,80,90,,,80,,100,60,80,80
Uzbekistan,UZB,2011,100,90,100,100,,43,,,,,,100,100,,92,,,,
Uzbekistan,UZB,2014,91,85,92,100,,86,,,,,,46,100,,100,,,,
Uzbekistan,UZB,2018,,,,,0,,40,47,53,60,30,,,73,,60,40,40,0
Vanuatu,VUT,2010,7,16,14,0,,0,,,,,,30,0,,0,,,,
Vanuatu,VUT,2012,49,30,0,0,,0,,,,,,0,0,,0,,,,
Vanuatu,VUT,2013,96,95,46,0,,86,,,,,,100,67,,8,,,,
Vanuatu,VUT,2015,81,100,8,0,,43,,,,,,100,50,,0,,,,
Vanuatu,VUT,2017,88,90,0,11,,29,,,,,,50,0,,0,,,,
Vanuatu,VUT,2018,,,,,20,,20,27,53,20,30,,,27,,60,20,40,20
Vatican,VAT,2018,,,,,20,,40,27,40,100,20,,,33,,40,40,20,60
Venezuela,VEN,2011,60,55,42,78,,57,,,,,,73,75,,0,,,,
Venezuela,VEN,2012,90,80,85,100,,86,,,,,,73,25,,86,,,,
Venezuela,VEN,2013,86,90,92,100,,71,,,,,,90,50,,92,,,,
Venezuela,VEN,2014,90,100,92,100,,71,,,,,,90,50,,85,,,,
Venezuela,VEN,2015,90,95,100,100,,86,,,,,,90,100,,85,,,,
Venezuela,VEN,2016,90,95,100,100,,86,,,,,,90,100,,85,,,,
Venezuela,VEN,2017,90,95,100,100,,86,,,,,,90,100,,85,,,,
Venezuela,VEN,2018,,,,,90,,80,73,73,80,90,,,60,,80,40,80,80
Vietnam,VNM,2010,94,51,71,76,,70,,,,,,71,50,,100,,,,
Vietnam,VNM,2011,80,90,0,44,,86,,,,,,100,50,,0,,,,
Vietnam,VNM,2012,56,60,46,100,,14,,,,,,46,50,,79,,,,
Vietnam,VNM,2013,50,80,38,89,,57,,,,,,83,100,,69,,,,
Vietnam,VNM,2014,100,100,100,100,,71,,,,,,100,100,,100,,,,
Vietnam,VNM,2015,100,100,92,100,,100,,,,,,100,100,,100,,,,
Vietnam,VNM,2016,100,100,92,100,,100,,,,,,100,100,,100,,,,
Vietnam,VNM,2017,96,100,85,100,,100,,,,,,100,100,,85,,,,
Vietnam,VNM,2018,,,,,40,,60,87,47,60,80,,,60,,60,60,60,60
World,OWID_WRL,2016,82,87,60,89,,81,,,,,,84,81,,65,,,,
World,OWID_WRL,2017,82,83,56,83,,74,,,,,,78,75,,57,,,,
World,OWID_WRL,2018,,,,,52,,52,62,59,63,67,,,59,,57,50,63,60
Yemen,YEM,2012,81,70,15,78,,29,,,,,,56,75,,0,,,,
Yemen,YEM,2013,46,70,15,100,,0,,,,,,46,75,,0,,,,
Yemen,YEM,2014,86,70,8,100,,0,,,,,,46,75,,0,,,,
Yemen,YEM,2017,86,75,23,100,,0,,,,,,47,75,,0,,,,
Yemen,YEM,2018,,,,,40,,20,47,60,80,40,,,47,,60,20,80,40
Zambia,ZMB,2011,100,65,92,78,,86,,,,,,50,0,,83,,,,
Zambia,ZMB,2012,96,95,77,100,,71,,,,,,83,0,,86,,,,
Zambia,ZMB,2013,100,95,77,100,,100,,,,,,100,100,,85,,,,
Zambia,ZMB,2014,100,100,77,100,,100,,,,,,100,100,,92,,,,
Zambia,ZMB,2017,63,65,62,78,,71,,,,,,63,50,,77,,,,
Zambia,ZMB,2018,,,,,20,,20,40,33,20,40,,,47,,20,20,40,20
Zimbabwe,ZWE,2011,70,95,0,100,,29,,,,,,26,50,,0,,,,
Zimbabwe,ZWE,2014,86,95,31,100,,86,,,,,,56,50,,31,,,,
Zimbabwe,ZWE,2016,90,100,31,67,,71,,,,,,73,100,,46,,,,
Zimbabwe,ZWE,2017,76,95,31,67,,100,,,,,,67,75,,54,,,,
Zimbabwe,ZWE,2018,,,,,20,,40,73,33,80,50,,,40,,60,40,60,80
